Sat Dec 09 07:40:56 +0000 2017,@toklopi @Simbuilder @Tesla I don‚Äôt have one that is maxed out but stock is still fun to drive so go for it.
Sat Dec 09 06:44:15 +0000 2017,Please RT? #cars #supercars #luxurycars #motor Tesla Aims to Raise $500 Million via Stock Offering for Model https://t.co/Es1Q0Qu1aa
Sat Dec 09 06:18:05 +0000 2017,RT @MebFaber: A reminder to investors everywhere...not having an opinion or position is fine too.   Applies to Tesla stock house fixer upp‚Ä¶
Sat Dec 09 06:08:08 +0000 2017,Tesla's Stock Chart Shows a Death Cross Fast-Approaching https://t.co/YLed0qBri3
Sat Dec 09 05:54:36 +0000 2017,I was gonna buy Tesla stock but they asked me for my SSN
Sat Dec 09 05:45:54 +0000 2017,RT @themotleyfool: He recommended Amazon in 1997 and Tesla in 2011. And he‚Äôs announcing his newest pick for the best stock to buy now. http‚Ä¶
Sat Dec 09 05:28:22 +0000 2017,Closeup Of Tesla Coil With Electric Pulses Stock Photo | Getty Images https://t.co/qoxDqjc1R7
Sat Dec 09 05:26:41 +0000 2017,It‚Äôs funny looking back how I would get excited with 2% gains on Tesla stock.
Sat Dec 09 04:45:29 +0000 2017,@jimmerdoo @davidtayar5 @Aukstuolis12 @omniamea @GerberKawasaki shorting tesla stock is a terrible idea. trust me. go do ur homework
Sat Dec 09 04:38:57 +0000 2017,@jimmerdoo @davidtayar5 @Aukstuolis12 @omniamea @GerberKawasaki again my very first comment in this post was about‚Ä¶ https://t.co/U5ASc0U08y
Sat Dec 09 04:35:11 +0000 2017,@jimmerdoo @davidtayar5 @Aukstuolis12 @omniamea @GerberKawasaki Selling Teslas depends on keeping targeted buyers s‚Ä¶ https://t.co/ArwnqzotGz
Sat Dec 09 04:32:55 +0000 2017,@jimmerdoo @davidtayar5 @Aukstuolis12 @omniamea @GerberKawasaki its ridiculously priced higher.  by the way just b‚Ä¶ https://t.co/FgvCCu2uZs
Sat Dec 09 04:29:16 +0000 2017,Aye fuck this Tesla stock about to convert it to more Bitcoin.
Sat Dec 09 04:24:18 +0000 2017,@55true4u If you're in bed with the [C]lowns [I]n [America} your stock price goes up! Tesla-&gt;-&gt; SpaceX Amazon 600 m‚Ä¶ https://t.co/Jq6TCLJOE2
Sat Dec 09 04:16:39 +0000 2017,@Sim5225 @Aukstuolis12 @omniamea @GerberKawasaki See? That‚Äôs why they say ur so ignorant. U don‚Äôt even have the fac‚Ä¶ https://t.co/V3DyQNUpmB
Sat Dec 09 04:07:09 +0000 2017,@davidtayar5 @Aukstuolis12 @omniamea @GerberKawasaki Oh really? Speaking of the stock use your brain if u have any‚Ä¶ https://t.co/hUMUkdMcab
Sat Dec 09 04:04:21 +0000 2017,@Sim5225 @Aukstuolis12 @omniamea @GerberKawasaki Just be extra careful shorting the stock ok? It‚Äôs fine to pounce‚Ä¶ https://t.co/qlSwUNrQwW
Sat Dec 09 03:56:40 +0000 2017,RT @David_Kudla: Tesla's Stock Chart Shows a Death Cross Fast-Approaching https://t.co/V6rxiV6Xwv via @TheStreet
Sat Dec 09 03:43:33 +0000 2017,@hoonable Using such old parts makes me wonder how many are still in stock to be used in Tesla cars. How much of a‚Ä¶ https://t.co/dh2OLkhM33
Sat Dec 09 03:43:23 +0000 2017,Insider Selling: Tesla Inc $TSLA VP Sells 1736 Shares of Stock https://t.co/7uszwm5JRN
Sat Dec 09 03:35:11 +0000 2017,Tesla's Stock Chart Shows a Death Cross Fast-Approaching https://t.co/o7NJkwVYWM via @TheStreet
Sat Dec 09 02:39:01 +0000 2017,#Tesla stock falls as GOP unveils tax plan that eliminates electric car subsidy $TSLA https://t.co/6ywj4rKHKB #politics
Sat Dec 09 02:05:04 +0000 2017,https://t.co/WZWodyiUHz | TeslaÔøΩs sinking stock has made short sellers almost $1 billion | #lawyer #accountant‚Ä¶ https://t.co/2NBZ4O5Oe6
Sat Dec 09 02:02:28 +0000 2017,Stock and options reports released for Boeing Delta Airlines GoDaddy Trivago and Tesla Motors https://t.co/5DwKA8LMGg
Sat Dec 09 01:31:29 +0000 2017,@Lunick_Fiore @Tesla I have some stock and 2 hot wheels üòò
Sat Dec 09 00:53:26 +0000 2017,RT @IntEngineering: Tesla is under fire for exceeding its order of cylindrical battery cells and leaning on other companies‚Äô stock to make‚Ä¶
Sat Dec 09 00:33:35 +0000 2017,@AIFJames Hey James I sent an email but didn‚Äôt hear back. I‚Äôd be interested in joining the show to defend the bull‚Ä¶ https://t.co/z4RjY9Eaow
Sat Dec 09 00:21:49 +0000 2017,Does anyone else literally just watch the Tesla stock religiously to see if David is about to lose a million dollar‚Ä¶ https://t.co/POO0A75OKQ
Sat Dec 09 00:11:37 +0000 2017,Jimmy Cramer former hedge fund manager turned media guy.   Same guy that said Tesla was a worthless stock. https://t.co/JGoRqBehQA
Sat Dec 09 00:05:30 +0000 2017,Today I acquired stock in Tesla and bought bitcoin so far so good
Sat Dec 09 00:01:47 +0000 2017,Tesla is under fire for exceeding its order of cylindrical battery cells and leaning on other companies‚Äô stock to m‚Ä¶ https://t.co/p5sGzoJ2xm
Fri Dec 08 23:56:21 +0000 2017,$BA $TSLA Sorry Elon Musk but Boeing's Stock Still Looks Better Than Tesla's https://t.co/DRMVZKBEvY via @TheStreet
Fri Dec 08 23:55:14 +0000 2017,This Chevron Economist Isn't Worried About Electric Cars - Bloomberg https://t.co/NryGS8VNsA
Fri Dec 08 23:55:11 +0000 2017,Sorry Elon Musk but Boeing's Stock Still Looks Better Than Tesla's https://t.co/vZuYc2fRq4
Fri Dec 08 23:10:55 +0000 2017,@robinivski Cringe-worthy and hide behind the accent.  It's like anyone with an accent can "baffle" these Americans‚Ä¶ https://t.co/7tKlVCIQcr
Fri Dec 08 21:45:50 +0000 2017,Tesla Truck Won't Move the Stock's Needle https://t.co/fbjj6J0l9r
Fri Dec 08 21:44:39 +0000 2017,UPDATE: Tesla stock downgraded to sell on signs Model 3 demand is starting to flag https://t.co/raJBCH6zeK
Fri Dec 08 21:16:54 +0000 2017,Tesla Truck Won't Move the Stock's Needle https://t.co/JQalomu41q https://t.co/us0BHcjrVv UK #business
Fri Dec 08 21:08:27 +0000 2017,Tesla Truck Will not Slowly move the Stock‚Äôs Needle ‚Äì https://t.co/vKsZX0Wf79 https://t.co/YIiYTBmrUa
Fri Dec 08 20:56:46 +0000 2017,Tesla Truck Won't Move the Stock's Needle: - Tesla Truck Won't Move the Stock's Needle TheStreet‚Ä¶ https://t.co/9y2ujoV06T News UK business
Fri Dec 08 20:51:09 +0000 2017,@Attenshaw @FortuneTech @elonmusk @Boeing Naah... Suggest you to invest in Tesla's stocks... Personal prediction th‚Ä¶ https://t.co/AuuO0gNDQ5
Fri Dec 08 20:28:10 +0000 2017,Featured Stock Update: Tesla Motors Inc. (TSLA) https://t.co/nd0IRkWC0T
Fri Dec 08 20:09:49 +0000 2017,Sorry &lt;b&gt;Elon Musk&lt;/b&gt; but Boeing's Stock Still Looks Better Than Tesla's: (BA) CEO Dennis‚Ä¶ https://t.co/kATAF6hQRE
Fri Dec 08 20:05:06 +0000 2017,$TSLA:  Tesla Truck Won‚Äôt Move the Stock‚Äôs Needle:  https://t.co/xRxpf9EVZT
Fri Dec 08 19:48:21 +0000 2017,Sorry Elon Musk but Boeing's Stock Still Looks Better Than Tesla's - https://t.co/ZasQ4hjb42 #stock #news https://t.co/GzWiboaY8Y
Fri Dec 08 19:40:59 +0000 2017,"Bitcoin is as likely to dominate global currencies as Tesla is to prevail in electric autonomous cars against Vol‚Ä¶ https://t.co/F6zAZJ3ZLy
Fri Dec 08 19:40:04 +0000 2017,Todays latest Dreamstime #Microstock image sale!  ~ #Electricity #Tesla #Toys #LightShow #InTheDark #Glowing‚Ä¶ https://t.co/OzVxbINMuc
Fri Dec 08 19:38:28 +0000 2017,Sorry Elon Musk but Boeing's Stock Still Looks Better Than Tesla's https://t.co/bm8rb9SJta via @TheStreet
Fri Dec 08 18:42:14 +0000 2017,@Tesla @Sysco Tesla Receives Big-Rig Truck Orders Worth About $15 Million | Stock News &amp; Stock Market Analysis - IBD https://t.co/Uu02IkvskF
Fri Dec 08 18:31:48 +0000 2017,Elon musk was just a sells men with 4% stock in Tesla now wealthy yeah creed yeah lies yes check your facts
Fri Dec 08 18:23:42 +0000 2017,RT @ValuentumBrian: "Nothing in the stock market is guaranteed."  #NorthKorea #Bitcoin #indexing #bubble #interestrates #ETFs $TSLA #Tesla‚Ä¶
Fri Dec 08 18:15:17 +0000 2017,Anheuser-Busch's Order Is A Shot In The Arm For Tesla's Trucking Ambitions  https://t.co/x8REptoEU3
Fri Dec 08 18:10:05 +0000 2017,CNBC: Musk confirms Tesla making AI hardware - https://t.co/zxyna0bgS8
Fri Dec 08 17:56:46 +0000 2017,RT @gentXray: @thealphabetter @CoryGroshek @LithiumToday Lithium Americas is the best lithium stock to own It's located in Nevada Takeover‚Ä¶
Fri Dec 08 17:49:25 +0000 2017,Tesla is rising after Anheuser-Busch places an order for 40 electric semis https://t.co/2SRZnceB3M
Fri Dec 08 17:42:44 +0000 2017,Tesla Stock Was $192 12 Months Ago Today It's At $314 üëÄ
Fri Dec 08 17:30:03 +0000 2017,$TSLA current stock price: $314.39. #Tesla #TeslaStock #bot https://t.co/AbPWyBpwVM
Fri Dec 08 16:49:44 +0000 2017,It‚Äôs 8:50 in the morning and I‚Äôm texting my dad telling him to invest in Tesla once the stock value drops üòÇ
Fri Dec 08 16:41:24 +0000 2017,Tesla stock gonna go up when the trucks come out üò¨üò¨
Fri Dec 08 15:59:28 +0000 2017,Tesla's Stock Chart Shows a Death Cross Fast-Approaching $TSLA @teslamotors https://t.co/DPkpQIGPUK
Fri Dec 08 15:39:25 +0000 2017,Stock and options reports released for Boeing Delta Airlines GoDaddy Trivago and Tesla Motors:‚Ä¶ https://t.co/lm1h9hOICM
Fri Dec 08 15:19:02 +0000 2017,RT @THESTOCKER: $TSLA when a stock stops going down even on a downgrade it won‚Äôt go red your best bet is to Buy Buy Buy !  #trading #tesla‚Ä¶
Fri Dec 08 15:00:51 +0000 2017,Panasonic Starts Making Cells For Tesla Solar Roof At Gigafactory 2 (w/video) https://t.co/8rZdCTM4op
Fri Dec 08 15:00:05 +0000 2017,RT @psi_repair: Tesla is rising after Anheuser-Busch places an order for 40 electric semis https://t.co/mqTbVzBJ6y ‚Äì story @MktsInsider
Fri Dec 08 14:59:34 +0000 2017,Tesla is rising after Anheuser-Busch places an order for 40 electric semis https://t.co/mqTbVzBJ6y ‚Äì story @MktsInsider
Fri Dec 08 14:43:33 +0000 2017,Tesla's Stock Chart Shows a Death Cross Fast-Approaching - https://t.co/8kx8sS9kcj #stock #news https://t.co/MFQVzV4h2C
Fri Dec 08 14:31:16 +0000 2017,In Norway Plug-In Hybrids Set 4th Sales Record In A Row Tesla Surges https://t.co/90qVBxyH5F
Fri Dec 08 14:07:17 +0000 2017,Sysco orders 50 of Tesla's news Semi tractors https://t.co/PqbC26W3oa
Fri Dec 08 13:55:11 +0000 2017,Tesla Opens New Delivery Center ‚Äì Lot Packed With Model 3 Vehicles https://t.co/9yjpVQhZ7t
Fri Dec 08 13:54:30 +0000 2017,RT @SoniaKris13: ONE more word about Elon by those greedy B paying dollars üíµ to  üé∫ SINK their stock just like we did for GE that will shut‚Ä¶
Fri Dec 08 13:54:27 +0000 2017,ONE more word about Elon by those greedy B paying dollars üíµ to  üé∫ SINK their stock just like we did for GE that wil‚Ä¶ https://t.co/Ei13mNxu9z
Fri Dec 08 13:47:28 +0000 2017,RT @CrystalEquation: #China's #Tencent is quietly surrounding #US #TechGiants with Trojan horse investments: a 5% stake in @Tesla a 10% st‚Ä¶
Fri Dec 08 13:37:16 +0000 2017,RT @markbspiegel: Once again the $TSLA Chief Accounting Officer (a/k/a "Man Who Knows Where The Bodies Are Buried") immediately dumps a chu‚Ä¶
Fri Dec 08 12:36:12 +0000 2017,owo notices your FBI investigation of more Clinton emails and stock market slide as a jailer currently but I'd rather suck dic...
Fri Dec 08 12:21:17 +0000 2017,RT @EasyEquities: Guess which Liverpool loving future @Tesla stock owner was the winner of our very first #EasyApp challenge: @jljordaan‚Ä¶
Fri Dec 08 12:11:18 +0000 2017,#Tesla inc.#Common #Stock (tsla) #Real #Time stock #Quote - #nasdaq tsla real time stock quote - get tesla inc co‚Ä¶ https://t.co/Wo74ErhogL
Fri Dec 08 12:09:31 +0000 2017,@elonmusk @tiamaria68uk First personal spacecraft f**ƒ∑ there goes my chance of buying tesla stock . Check out cd/au‚Ä¶ https://t.co/JgZsVPJuZK
Fri Dec 08 12:06:20 +0000 2017,@iliketeslas @juanchouribe @davidtayar5 @CharlieBravo33 @rhino080 @markbspiegel Not. A. Single. Share. $TSLA https://t.co/s5m8C7W5m1
Fri Dec 08 12:03:19 +0000 2017,RT @jljordaan: @easyequities @tesla Meeeee!!!! Awesome stuff! Tesla stock owner today Tesla car driver tomorrow.  :-D Thanks a million. #E‚Ä¶
Fri Dec 08 11:51:37 +0000 2017,@easyequities @tesla Meeeee!!!! Awesome stuff! Tesla stock owner today Tesla car driver tomorrow.  :-D Thanks a million. #EasyApp
Fri Dec 08 11:41:19 +0000 2017,Guess which Liverpool loving future @Tesla stock owner was the winner of our very first #EasyApp challenge:‚Ä¶ https://t.co/Jkxx4RT5ib
Fri Dec 08 11:21:39 +0000 2017,After 40 #Tesla #Semi orders @Sysco orders 50 more. Buy #Tesla stock :) #Tsla #Bitcoin
Fri Dec 08 11:08:41 +0000 2017,@MKBHD And then NiceHash got hacked and I was happy to have stuck to Tesla stock‚Ä¶
Fri Dec 08 08:32:58 +0000 2017,Tesla $TSLA Stock Rating Upgraded by ValuEngine https://t.co/6MOlj58JpM
Fri Dec 08 08:23:10 +0000 2017,#China's  #Tencent is quietly surrounding US tech giants with Trojan horse  #investments https://t.co/B0TUQkR2ge‚Ä¶ https://t.co/tnk8k67Ngn
Fri Dec 08 05:03:03 +0000 2017,How long until Tesla stock crashes? https://t.co/2WhwTO2daj
Fri Dec 08 04:48:04 +0000 2017,@elonmusk Could we attempt to get the tesla stock price up please .
Fri Dec 08 04:31:34 +0000 2017,@elonmusk Everything you do is so cool! Any plans for the SpaceX IPO? I have Tesla stock would love to get SpaceX as well.
Fri Dec 08 04:03:53 +0000 2017,Amazon Apple Tesla stock
Fri Dec 08 03:26:11 +0000 2017,@stockpile hi guys I signed up after seeing a promo offering $5 in Tesla stock but can‚Äôt figure out how to get it with the app. Any ideas?
Fri Dec 08 03:19:25 +0000 2017,so nobody tryna trade a @Tesla stock for a bitcoin stock üôÑ iÔ∏è got 6 tesla shares we can work something out... SOMEBODY HELP ME
Fri Dec 08 02:46:30 +0000 2017,@VW Don't bother offering different trim options for the 2018 Atlas if dealerships aren't going to stock them. "Sol‚Ä¶ https://t.co/Sgt0wypgam
Fri Dec 08 02:30:14 +0000 2017,üåà‚ö°Ô∏èüöÄ@Tesla   Sells  it self Buy cars trucks&amp; cars &amp;  stock‚ö°Ô∏èüåà  @elonmusk
Fri Dec 08 01:29:22 +0000 2017,@Archetapp It‚Äôs not to law recently bought some bitcoin and stock in OLED and Tesla!
Fri Dec 08 00:39:41 +0000 2017,Once again the $TSLA Chief Accounting Officer (a/k/a "Man Who Knows Where The Bodies Are Buried") immediately dumps‚Ä¶ https://t.co/izj6G3nA7m
Fri Dec 08 00:37:20 +0000 2017,RT @Options: $TSLA Tesla stock downgraded to sell on signs Model 3 demand is starting to flag  https://t.co/gKL0GEZyUY
Thu Dec 07 23:48:56 +0000 2017,Tesla stock falls over Model 3 delays and biggest-ever quarterly loss  https://t.co/sg9Imwbs8s #technology #Growth https://t.co/F0Oh2zcpW0
Thu Dec 07 23:46:28 +0000 2017,$TSLA New SEC Document(s) for Tesla Inc. From our Stock News Alerts App
Thu Dec 07 23:27:44 +0000 2017,@DavidDobrik hey Man remember how you put $1 mil into Tesla stock? Did you end up throwing some money into bitcoin?
Thu Dec 07 23:18:31 +0000 2017,Ceddi Tesla Says... "DJ'ing is My First Love but the Stock Market is the Backbone to me https://t.co/St0IOX6vxV https://t.co/XXNg4NpQn9
Thu Dec 07 22:37:23 +0000 2017,RT @68DodgeCoronet: Tesla is rising after Anheuser-Busch places an order for 40 electric semis (TSLA BUD) -  https://t.co/6nmnq1Oeov
Thu Dec 07 22:34:55 +0000 2017,RT @SAI: Tesla is rising after Anheuser-Busch places an order for 40 electric semis https://t.co/1h8MP8x36E https://t.co/amtqsACSbb
Thu Dec 07 22:20:01 +0000 2017,"Anheuser-Busch orders 40 Tesla electric trucks https://t.co/1zIPWSm7Bx via @PostDispatchbiz" However @abinbev cou‚Ä¶ https://t.co/grUxmhTiTY
Thu Dec 07 22:00:45 +0000 2017,#Tesla is rising after Anheuser-Busch places an order for 40 electric semis (TSLA BUD) https://t.co/DXvb895oVb
Thu Dec 07 21:41:06 +0000 2017,#Tesla is rising after Anheuser-Busch places an order for 40 electric semis ( $TSLA  $BUD ) -  https://t.co/6E9cM6e0yH
Thu Dec 07 21:39:29 +0000 2017,Tesla is rising after Anheuser-Busch places an order for 40 electric semis (TSLA BUD) -  https://t.co/6nmnq1Oeov
Thu Dec 07 21:38:43 +0000 2017,Predictions that require no analysis to generate:  A black swan event will destroy the stock market A black swan ev‚Ä¶ https://t.co/VpbAXunbt2
Thu Dec 07 21:38:03 +0000 2017,RT @antvlo: #China's  #Tencent is quietly surrounding US tech giants with Trojan horse  #investments https://t.co/mvZsGk3r1V  #CresseyINTL‚Ä¶
Thu Dec 07 21:37:47 +0000 2017,RT @ADMAN348: @alexlewit @Tesla @BMW @VW Anyone on a decent cobalt stock looks good! üí∞üí∞ $AUZ my pick. https://t.co/G4ju476QsO
Thu Dec 07 21:31:10 +0000 2017,I liked a @YouTube video https://t.co/vIvGYvgdCJ FOOD TALK: TESLA STOCK OR GUAC??!!! (Golf with YOUR Friends)
Thu Dec 07 20:39:24 +0000 2017,Tesla stock downgraded to sell on signs Model 3 demand is starting to flag https://t.co/Yq8W8YrBi8 $TSLA
Thu Dec 07 20:36:48 +0000 2017,Is funny the people that mock BTC are probably the same people that buy Tesla stock.
Thu Dec 07 19:58:16 +0000 2017,RT @LaMonicaBuzz: Tesla has been a hot stock this year but it's cooled off a bit lately. Morgan Stanley wonders if @elonmusk should conside‚Ä¶
Thu Dec 07 19:56:09 +0000 2017,@MorganStanley Buying tesla stock now
Thu Dec 07 19:52:55 +0000 2017,Tesla is rising after Anheuser-Busch places an order for 40 electric semis - https://t.co/DA2bPCqtdc via https://t.co/PSJJSOLfmD
Thu Dec 07 19:18:15 +0000 2017,#Stocks #Investment https://t.co/hCwzJAjZ2v Is Tesla Inc Stock About to Crack and Plunge Lower?‚Ä¶ https://t.co/aTSBnU1g5b
Thu Dec 07 19:17:52 +0000 2017,crypto currency is still like quantum physics 2 me. I gotta re- read/watch /ask same questions/ think all the time.‚Ä¶ https://t.co/2w31X56KN6
Thu Dec 07 19:14:02 +0000 2017,Tesla is rising after Anheuser-Busch places an order for 40 electric semis (TSLA BUD) https://t.co/tTIQDWe8MF
Thu Dec 07 18:20:20 +0000 2017,If Tesla Can Achieve Specs And Price The Tesla Semi Will Eclipse Diesel https://t.co/zmguhYMpgW
Thu Dec 07 18:18:09 +0000 2017,@Reuters Daimler stock has risen as Tesla is about to take over trucking. Anything kills a disruptor's stock. The market is a Ponzi scheme.
Thu Dec 07 18:09:40 +0000 2017,@Ferrari_Peta @ForzaMotorsport New M5 Tesla's Ferrari 812 SF Huracan Performante FXX 675LT 720S Chiron Ager‚Ä¶ https://t.co/2cARKmADME
Thu Dec 07 17:44:59 +0000 2017,RT @teslaliving: $TSLA current stock price: $315.65. #Tesla #TeslaStock #bot https://t.co/N3GD64Vthe
Thu Dec 07 17:30:02 +0000 2017,$TSLA current stock price: $315.65. #Tesla #TeslaStock #bot https://t.co/N3GD64Vthe
Thu Dec 07 17:21:53 +0000 2017,RT @Business_Corpus: Tesla is rising after Anheuser-Busch places an order for 40 electric semis (TSLA BUD‚Ä¶ https://t.co/dKo7WT8My4
Thu Dec 07 17:20:41 +0000 2017,@hussmanjp @CEHmbs I can see it now...‚Äùanalysts raise Tesla price tgts on crypto currency mining energy source ‚Äú...‚Ä¶ https://t.co/7gF2MeOgi3
Thu Dec 07 17:17:14 +0000 2017,Tesla is rising after Anheuser-Busch places an order for 40 electric semis (TSLA BUD‚Ä¶ https://t.co/dKo7WT8My4
Thu Dec 07 17:17:01 +0000 2017,Tesla is rising after Anheuser-Busch places an order for 40 electric semis (TSLA BUD): Tesla just got i.. #tech https://t.co/4dxiCmepq1
Thu Dec 07 17:14:55 +0000 2017,Tesla stock downgraded to SELL on signs Model 3 demand is starting to flaghttps://t.co/JC8aIn1nng
Thu Dec 07 16:59:05 +0000 2017,$TSLA $GM:  Is Tesla Inc Stock About to Crack and Plunge Lower?:  https://t.co/YJ9i6XLDTD
Thu Dec 07 16:58:23 +0000 2017,China's Tencent is quietly surrounding US tech giants with Trojan horse investments https://t.co/hnn5UuHB04
Thu Dec 07 16:57:18 +0000 2017,A reminder to investors everywhere...not having an opinion or position is fine too.   Applies to Tesla stock house‚Ä¶ https://t.co/AoZT0Mh3X6
Thu Dec 07 16:56:12 +0000 2017,Just sold half of my Tesla stock and invested in Bitcoin #Winning #FutureMillionaire
Thu Dec 07 16:46:14 +0000 2017,#Business  Tesla is rising after Anheuser-Busch places an order for 40 electric semis‚Ä¶ https://t.co/aw6us2vdzP
Thu Dec 07 16:45:15 +0000 2017,Tesla is selling $2 billion in stock to make the Model 3 https://t.co/oe3TdVILmz
Thu Dec 07 16:40:02 +0000 2017,RT @WorldUSNews: https://t.co/GDUj9ioyzB Tesla is rising after Anheuser-Busch places an order for 40 electric semis (TSLA BUD)
Thu Dec 07 16:35:13 +0000 2017,10 Things To Know. Tesla is rising after Anheuser-Busch places an order for 40 electric semis (TSLA BUD) https://t.co/Mg3rhSbxKF
Thu Dec 07 16:34:24 +0000 2017,Tesla is rising after Anheuser-Busch places an order for 40 electric semis (TSLA BUD): https://t.co/eg5TwNOyeI
Thu Dec 07 16:33:04 +0000 2017,Tesla is rising after Anheuser-Busch places an order for 40 electric semis (TSLA BUD) https://t.co/8lMJzKhOJK Seth Archer
Thu Dec 07 16:32:18 +0000 2017,New post: "Tesla is rising after Anheuser-Busch places an order for 40 electric semis (TSLA BUD)" https://t.co/zCFDF6V2BX
Thu Dec 07 16:32:09 +0000 2017,Tesla is rising after Anheuser-Busch places an order for 40 electric semis (TSLA BUD) https://t.co/j9WZWv9n6z johnangel1977
Thu Dec 07 16:30:15 +0000 2017,#Stocks #Investment Business Insider Tesla is rising after Anheuser-Busch places an order for 40 electric semis Bus‚Ä¶ https://t.co/3xUlahskrY
Thu Dec 07 16:26:20 +0000 2017,"Tesla is rising after Anheuser-Busch places an order for 40 electric semis (TSLA BUD)" https://t.co/d5shsNGgE8
Thu Dec 07 16:14:08 +0000 2017,Tesla is rising after Anheuser-Busch places an order for 40 electric semis https://t.co/BmNBsA3Aj9 via @themoneygame
Thu Dec 07 16:13:11 +0000 2017,businessinsider: Tesla is rising after Anheuser-Busch places an order for 40 electric semis https://t.co/KyWqVhNCKm https://t.co/aQqSFiKDQ2
Thu Dec 07 16:12:23 +0000 2017,"Tesla is rising after Anheuser-Busch places an order for 40 electric semis https://t.co/EbShCCdEkb‚Ä¶ https://t.co/D60eY2ercc
Thu Dec 07 16:10:31 +0000 2017,#Tesla is rising after Anheuser-Busch places an order for 40 electric semis https://t.co/qxgNtPLO5U
Thu Dec 07 16:10:28 +0000 2017,$V #SAI:Tesla is rising after Anheuser-Busch places an order for 40 electric semis https://t.co/te8uPcX7XO https://t.co/bo0YCei4Wf
Thu Dec 07 16:00:44 +0000 2017,Reuters Says Tesla Model S X Are Often Flawed Update: Tesla Responds https://t.co/HyCCN1t8sQ
Thu Dec 07 15:05:45 +0000 2017,$TSLA when a stock stops going down even on a downgrade it won‚Äôt go red your best bet is to Buy Buy Buy !  #trading‚Ä¶ https://t.co/WRhHV8fOfa
Thu Dec 07 14:47:52 +0000 2017,Tesla stock downgraded to sell by 1 brokerage firm on signs Model 3 demand is starting to flag https://t.co/OwcoKA3JbF $TSLA
Thu Dec 07 14:15:41 +0000 2017,Tesla stock downgraded to sell on signs Model 3 demand is starting to flag https://t.co/e9glHUhZ6f
Thu Dec 07 14:13:23 +0000 2017,All-Tech Investing: The 31 Best Stocks to Buy for 2018 Instead of Apple or Tesla - https://t.co/7KdjEVwIWn #stock‚Ä¶ https://t.co/SZWRq10dq8
Thu Dec 07 13:55:41 +0000 2017,@markbspiegel I am tempted to do a TED Talk that juxtaposes a Tesla stock chart and your tweets. It will be titled: Egos Kill.
Thu Dec 07 13:47:11 +0000 2017,#Tesla starting regular customer #Model3 deliveries next week. Buy #Tsla stock before it is too late :) #Bitcoin
Thu Dec 07 13:41:41 +0000 2017,RT @THESTOCKER: $TSLA like it or not money has to go into #tesla from now into year end it‚Äôs the only Tec #stock left with the most upside‚Ä¶
Thu Dec 07 13:36:06 +0000 2017,As General Electric Co (GE) Stock Price Declined Holder Pinnacle Associates LTD Lowered Its ... https://t.co/lOTjPSvOyz
Thu Dec 07 13:30:35 +0000 2017,Tesla Model 3 Non-Employee Deliveries To Start Next Week https://t.co/WTIVf6mQ26
Thu Dec 07 13:22:15 +0000 2017,@pytop12 Tesla will be a penny stock by then
Thu Dec 07 13:07:57 +0000 2017,@missyerin1227 @WSJ Yea the Tesla stock is brawling baby girl
Thu Dec 07 12:35:34 +0000 2017,22 Minutes Spent Reviewing Tesla Model 3 Touch Screen ‚Äì Video https://t.co/1KyGv2ygEs
Thu Dec 07 12:34:13 +0000 2017,$TSLA Tesla stock downgraded to sell on signs Model 3 demand is starting to flag  https://t.co/gKL0GEZyUY
Thu Dec 07 12:20:19 +0000 2017,Tesla stock downgraded to sell on signs Model 3 demand is starting to flag https://t.co/yRmAdcJ7OP Cascend Securiti‚Ä¶ https://t.co/JtaUAzjUNz
Thu Dec 07 12:16:58 +0000 2017,#marketwatch Tesla stock downgraded to sell on signs Model 3 demand is starting to flag - Cascend Securities says n‚Ä¶ https://t.co/zSs9MLTiDT
Thu Dec 07 11:56:25 +0000 2017,Tesla Mtrs $TSLA Stake Has Upped by Jasper Ridge Partners Lp https://t.co/eTJ4EV4xUo
Thu Dec 07 11:08:40 +0000 2017,RT @VOAStevenson: China's Tencent is quietly surrounding US tech giants with Trojan horse investments  https://t.co/idOAtQ5C2J @cnbc
Thu Dec 07 10:49:22 +0000 2017,RT @wolfejosh: Upping my odds to 60% of SpaceX Tesla merger (sooner of 2 years or when Tesla stock falls significantly)  WHY?  1 Complete c‚Ä¶
Thu Dec 07 10:27:01 +0000 2017,Turner Investments LLC Purchases New Stake in Tesla Inc (TSLA) - https://t.co/kmC3YWHEeH via https://t.co/PSJJSOLfmD
Thu Dec 07 10:23:26 +0000 2017,SpaceX Is Just the Thing to Help Tesla Inc (TSLA) Stock | Stock Market News | US News https://t.co/6wqkCSUQin
Thu Dec 07 09:52:51 +0000 2017,@talesftf I'm still baffled about what happened yesterday with the Tesla stock. Did it really move because somebody‚Ä¶ https://t.co/gepn3QXj6M
Thu Dec 07 09:31:13 +0000 2017,https://t.co/8L9vOk4KGL  btw I couldn't find Duracell AA batteries on Amazon yesterday. out of stock out of stock. I was surprised. hmm.
Thu Dec 07 09:18:06 +0000 2017,RT @scanova: US STOCK MARKET: A TESLA-LED CAR CRASH IS COMING https://t.co/8sy9lcWiWr via @therealslog
Thu Dec 07 08:12:10 +0000 2017,DHUnplugged #378: The Best Stock Market in The World Listener Kevin asks us about an emerging market that is off th‚Ä¶ https://t.co/UPSJxvBqzt
Thu Dec 07 08:00:57 +0000 2017,TESLA STOCK... ON IT‚ÄôS WAY UP TO MARS? https://t.co/xGyqOr9AWi
Thu Dec 07 07:15:03 +0000 2017,this is why Tesla stock is doing so well  there are forces behind it that are unfuckwithable   keep measuring those panel gaps you fools ...
Thu Dec 07 05:37:36 +0000 2017,@@Tesla   supporting my recovery what happens in in  O2chamber  ? I have no reading material @elonmusk  ... I hear‚Ä¶ https://t.co/MfLmMvUBuL
Thu Dec 07 04:39:22 +0000 2017,Only car beating a stock GTR is some Indian 5000 horsepower shit &amp; that new Tesla roadster that just dropped that d‚Ä¶ https://t.co/GW4kzpjhIj
Thu Dec 07 04:08:05 +0000 2017,Morgan Stanley says a Tesla-SpaceX merger makes sense. https://t.co/8Shjc9Pt9p $TSLA
Thu Dec 07 02:14:11 +0000 2017,@NYCPunter Curious why you find technical knowledge so important if all you believe is BTC will replace USD one day‚Ä¶ https://t.co/l6wcqAitKT
Thu Dec 07 01:56:31 +0000 2017,Tesla's stock is up 3.15% to 313.26 #Tesla #Tech #Cars #SmartTech
Thu Dec 07 01:29:38 +0000 2017,@alexlewit @Tesla @BMW @VW Anyone on a decent cobalt stock looks good! üí∞üí∞ $AUZ my pick. https://t.co/G4ju476QsO
Thu Dec 07 01:05:10 +0000 2017,RT @indelibleblupen: So Tesla's stock just gained about 10 points today. Apparently this happened:  Morgan Stanley: Hey #Tesla and #Space‚Ä¶
Thu Dec 07 00:35:00 +0000 2017,I'm with @AnnCoulter on the stock market 'crash' @LouDobbs. Hell the extreme overvaluation of Amazon and Tesla al‚Ä¶ https://t.co/W2eFoVfEgF
Wed Dec 06 23:57:46 +0000 2017,I‚Äôm sorry this is really cool. Tesla rocks and as a stock and S car owner I love it! https://t.co/CKKx1pygTY
Wed Dec 06 23:00:04 +0000 2017,#China tech giant #Tencent is quietly investing in firms considered rivals of #Facebook #Apple #Amazon and #Google https://t.co/rk8U7mfxn0
Wed Dec 06 22:47:17 +0000 2017,@Tesla stock ended today at 313.26 today! That‚Äôs a 3.15% increase!!! @DavidDobrik #daviddobrik #tesla
Wed Dec 06 22:32:16 +0000 2017,Sell that Tesla stock yet? https://t.co/1l7j6A5RAO
Wed Dec 06 22:21:33 +0000 2017,So Tesla's stock just gained about 10 points today. Apparently this happened:  Morgan Stanley: Hey #Tesla and‚Ä¶ https://t.co/6soWTvKO69
Wed Dec 06 22:12:05 +0000 2017,@CNN No‚ö† Earth Quake's near LA  Gimmick for Gooseing his Taxpayers Stock TESLAüëé‚ùó https://t.co/2okdd7fmxc
Wed Dec 06 21:56:53 +0000 2017,TESLA STOCK ...WHERE IS IT GOING ? https://t.co/g4tfFqtF13
Wed Dec 06 21:36:22 +0000 2017,Is Buying Stock Like Tesla Inc. (TSLA) After Such Increase Winning Strategy? https://t.co/a2vEFtrd4M
Wed Dec 06 21:36:21 +0000 2017,Tesla Inc. (TSLA) Stock Price Increases Today https://t.co/ml6ZX1s9D9
Wed Dec 06 21:36:21 +0000 2017,Usa Financial Portformulas Has Cut Mks Instrument (MKSI) Stake by $592146; Share Price Rose ... https://t.co/e9IpeNLNjQ
Wed Dec 06 21:30:13 +0000 2017,RT @THESTOCKER: $TSLA If you like this stock long term you should be fine buying now. Short term wait for it to take out 310.76   #trading‚Ä¶
Wed Dec 06 20:46:47 +0000 2017,And now major investment analysts are recommending selling $TSLA stock because well the company's just not worth‚Ä¶ https://t.co/FAFqFO9Mrv
Wed Dec 06 20:45:37 +0000 2017,RT @ablradio: We are giving away free shares of FB Google Google Tesla and Amazon courtesy of @reclaimingmy10  and @stockpile Log on to‚Ä¶
Wed Dec 06 20:43:07 +0000 2017,We are giving away free shares of FB Google Google Tesla and Amazon courtesy of @reclaimingmy10  and @stockpile‚Ä¶ https://t.co/BHWgvkqLWZ
Wed Dec 06 20:38:13 +0000 2017,Whittier Trust Co Of Nevada Position in Tesla Mtrs              Com $TSLA Cut as Stock Price Rose ...
Wed Dec 06 20:32:51 +0000 2017,Usa Financial Portformulas Has Cut Mks Instrument $MKSI Stake by $592146 https://t.co/U7LcLP1O5q
Wed Dec 06 20:09:33 +0000 2017,SpaceX Is Just the Thing to Help Tesla Stock - U.S. News &amp; World Report https://t.co/ENrUn8rX9e
Wed Dec 06 20:01:02 +0000 2017,We Test Out The Tesla Model S Electric GT Race Car ‚Äì Video https://t.co/gIKcELvmdj
Wed Dec 06 19:50:00 +0000 2017,Morgan Stanley says a merger of Tesla and SpaceX makes a lot of sense. https://t.co/h5ax894obD https://t.co/M0VCQ2I0Rh
Wed Dec 06 19:25:46 +0000 2017,TSLA Stock: Why Should Investors Reconsider Tesla Inc And Las Vegas Sands Corp https://t.co/25ByqONZ9m
Wed Dec 06 19:18:25 +0000 2017,$FB Stocks Reverse; FANGs Rise J&amp;J Lifts Dow This Drone Maker Spikes https://t.co/PNGCfJnyQZ
Wed Dec 06 19:14:14 +0000 2017,SpaceX Is Just the Thing to Help Tesla Stock - https://t.co/FZFdH1xQXl #stock #news https://t.co/wTsj8i9B3n
Wed Dec 06 19:11:15 +0000 2017,$TSLA about to Take Off like well a Tesla lol! F'ing crazy stock!
Wed Dec 06 19:09:06 +0000 2017,RT @usnews: Morgan Stanley says a Tesla-SpaceX merger makes sense. https://t.co/0tQDWXiAFi $TSLA
Wed Dec 06 19:07:54 +0000 2017,@sheltonwillia1 @Tesla TSLA is a cult stock never bet against a cult stock(unless short term trading)
Wed Dec 06 18:59:00 +0000 2017,Stock Futures Down; Chip Stocks FANGs Weaken; Tesla Rated 'Sell' | Stock News &amp; Stock Market Analysis - IBD https://t.co/UIEL7MdqXS
Wed Dec 06 18:47:44 +0000 2017,RT @TeslaNapaValley: Napa Valley Tesla SpaceX Is Just the Thing to Help Tesla Stock - U.S. News &amp; World Report https://t.co/stx1Skswnd @Nap‚Ä¶
Wed Dec 06 18:30:35 +0000 2017,Napa Valley Tesla SpaceX Is Just the Thing to Help Tesla Stock - U.S. News &amp; World Report https://t.co/stx1Skswnd‚Ä¶ https://t.co/HguoR4Dc6m
Wed Dec 06 18:08:03 +0000 2017,Like the more I think about it I feel like an idiot for not investing when I was way younger. Same with fucking Tesla stock.
Wed Dec 06 17:48:58 +0000 2017,#Tesla‚Äôs stock ( $TSLA ) is a favorite among investors this year. But can the company profit even more through a me‚Ä¶ https://t.co/AFLoHA1BpV
Wed Dec 06 17:39:48 +0000 2017,RT @teslaliving: $TSLA current stock price: $307.38. #Tesla #TeslaStock #bot https://t.co/KSrtyulEXN
Wed Dec 06 17:36:21 +0000 2017,Unisys (UIS) Shares Declined While Public Employees Retirement System Of Ohio Lowered Its ... https://t.co/DxRJGH85Kw
Wed Dec 06 17:35:19 +0000 2017,Trim $BTC gains invest in $TSLA stock .  Repeat at next All time high. @elonmusk @Tesla
Wed Dec 06 17:30:03 +0000 2017,$TSLA current stock price: $307.38. #Tesla #TeslaStock #bot https://t.co/KSrtyulEXN
Wed Dec 06 17:15:54 +0000 2017,Stock Futures Down; Chip Stocks FANGs Weaken; Drone Maker Spikes https://t.co/zCuDk1JBXj
Wed Dec 06 16:50:24 +0000 2017,RT @OphirGottlieb: https://t.co/umFkvxcZXT Tesla stock downgraded to sell on signs Model 3 demand is starting to flag - $TSLA It's circumst‚Ä¶
Wed Dec 06 16:38:24 +0000 2017,https://t.co/1oLpiQvbVK  Tesla +up 4 Points!
Wed Dec 06 16:17:08 +0000 2017,#Tesla If Tesla stock prices collapse at $  260 Tesla will prove to be bubbles. https://t.co/BorlCFe4bh
Wed Dec 06 16:14:37 +0000 2017,Should &lt;b&gt;Elon Musk&lt;/b&gt; merge Tesla and SpaceX?: NEW YORK (CNNMoney) - Tesla's stock has‚Ä¶ https://t.co/BItUoOIroB
Wed Dec 06 16:09:32 +0000 2017,Tesla P90DL To P100D Upgrades Are Finally Being Performed https://t.co/0Y9rxmOPWE
Wed Dec 06 16:09:04 +0000 2017,In case you wanted to know tho buying stock in Tesla is really risky
Wed Dec 06 16:07:35 +0000 2017,The Real Reason Tesla Inc Is Likely to Pull Back From Here https://t.co/HaHmFiIRVQ https://t.co/Agg0ScVrFr
Wed Dec 06 15:57:25 +0000 2017,Stock Futures Down; Chip Stocks FANGs Weaken; Tesla Rated 'Sell' https://t.co/6DIHM5PfcS
Wed Dec 06 15:49:08 +0000 2017,@elonmusk @Tesla @TeslaMotorsClub I got into stock market last month 1st time. I have quickly learned why you hate‚Ä¶ https://t.co/5hBBUziTSn
Wed Dec 06 15:40:30 +0000 2017,RT LaMonicaBuzz: Tesla has been a hot stock this year but it's cooled off a bit lately. Morgan Stanley wonders if e‚Ä¶ https://t.co/OZoOWE5GxD
Wed Dec 06 15:37:13 +0000 2017,#Stocks #Investment The Bull Case for Tesla Inc Stock Is Starting to Crack - https://t.co/hCwzJAjZ2v:‚Ä¶ https://t.co/pl54dQeJX8
Wed Dec 06 15:33:03 +0000 2017,@BerkeleyJr Hey Cramer I bet you said the same thing about the internet when it first came online. Wake up new tec‚Ä¶ https://t.co/PVTSaYZ3Jy
Wed Dec 06 15:28:18 +0000 2017,Straight from the stock market: Should Elon Musk merge Tesla and SpaceX? https://t.co/Vvp06TTSPI
Wed Dec 06 15:22:40 +0000 2017,Tesla has been a hot stock this year but it's cooled off a bit lately. Morgan Stanley wonders if @elonmusk should c‚Ä¶ https://t.co/KWRrD57tOk
Wed Dec 06 15:20:09 +0000 2017,WHO DOESN‚ÄôT LIKE A GOOD JOKE? Model 3 demand coming down? 400000 sold before it was even built. Take that GM. Take‚Ä¶ https://t.co/GfPwOTfybC
Wed Dec 06 15:14:35 +0000 2017,@OnecoinA @ezCoinAccess @SAJISANU @amitbhawani But I guess that's the typical logic chain for you OneCoiners. Becau‚Ä¶ https://t.co/FfqpAxcNsZ
Wed Dec 06 15:03:23 +0000 2017,Tesla Inc Stock Is Heading for a Return to Earth Soon - https://t.co/pEn5rE3nSP #stock #news https://t.co/lroReSjmCd
Wed Dec 06 15:02:06 +0000 2017,Tesla Inc Stock Is Heading for a Return to Earth Soon: The stock chart for Tesla Inc‚Ä¶ https://t.co/rx8JRGifLu
Wed Dec 06 15:02:01 +0000 2017,SpaceX Is Just the Thing to Help Tesla Stock: According to Jonas there are a number of‚Ä¶ https://t.co/KFtERiDVFr
Wed Dec 06 14:51:54 +0000 2017,@Tesla Inc Stock Is Heading for a Return to Earth https://t.co/VjPt6JtV4L  #tesla #tsla #tesla_stock #elonmusk‚Ä¶ https://t.co/ofIIu12zEp
Wed Dec 06 14:46:33 +0000 2017,RT @stevedenning: Countdown day #60: Many firms claim stock market requires cost-cutting &amp; quarterly returns. Yet stock market rewards genu‚Ä¶
Wed Dec 06 14:44:25 +0000 2017,Tesla Finally Lands Win In Ongoing Direct-Sales Battle https://t.co/2UBIb1dP46
Wed Dec 06 14:43:06 +0000 2017,#TESLA +0.70% stock to raise around 10% in the following days. #TSLA
Wed Dec 06 14:43:05 +0000 2017,Stock Futures Down; Chip Stocks FANGs Weaken; Tesla Rated 'Sell' - https://t.co/LjqJSMYpoW #stock #news https://t.co/TrDC8q5p9N
Wed Dec 06 14:16:02 +0000 2017,RT @IBDinvestors: Stock Futures Down; Chip Stocks FANGs Weaken https://t.co/3O4emOfDuo https://t.co/kWhZ8zzgAT
Wed Dec 06 14:15:24 +0000 2017,Tesla Inc Stock Is Heading for a Return to Earth Soon https://t.co/7TR3tA9OfC
Wed Dec 06 14:05:25 +0000 2017,SpaceX Is Just the Thing to Help Tesla Stock https://t.co/fOslwqR5Jx
Wed Dec 06 13:57:37 +0000 2017,Tesla stock downgraded to sell on signs Model 3 demand is starting to flag can‚Äôt get new vehicles until 2019  https://t.co/ZwNDMAdEI5
Wed Dec 06 13:52:20 +0000 2017,The Bull Case for Tesla Inc Stock Is Starting to Crack: There's still a long way to go for‚Ä¶ https://t.co/jnZxzCvXTx
Wed Dec 06 13:43:41 +0000 2017,@tesla_addict #TESLA stock like this spanish #Realestate stock is going to jump one day without advise so the bette‚Ä¶ https://t.co/lmcIWyoCsn
Wed Dec 06 13:41:53 +0000 2017,Tesla is a shit stock. Old why I haven't sold yet....
Wed Dec 06 13:40:23 +0000 2017,Choppy markets. Why we've been cautious. #stocks https://t.co/qFLBiO3kwx
Wed Dec 06 13:34:55 +0000 2017,Stock Futures Down; Chip Stocks FANGs Weaken https://t.co/BiiQ9B48Ti via @IBDinvestors
Wed Dec 06 13:31:06 +0000 2017,Stock Futures Down; Chip Stocks FANGs Weaken https://t.co/3O4emOfDuo https://t.co/kWhZ8zzgAT
Wed Dec 06 13:29:20 +0000 2017,RT @stockpile: Want to surprise your friends or fave employee? Our 8-Pack gift card includes Apple Disney Facebook Tesla Google the Go‚Ä¶
Wed Dec 06 13:26:32 +0000 2017,@Margare30926081 Bagholders picked up $1.12 million in Tesla stock...
Wed Dec 06 13:14:07 +0000 2017,$TSLA $AMZN $FB $F:  Tesla Inc Stock Is Heading for a Return to Earth Soon:  https://t.co/CkziAL4iPR
Wed Dec 06 13:05:27 +0000 2017,The Bull Case for Tesla Inc Stock Is Starting to Crack https://t.co/valiGXPsN3
Wed Dec 06 13:05:04 +0000 2017,TESLA STOCK IS A BEAST!!  Forget the truck Elon Musk. Tesla stock is a beast  - CNNMoney https://t.co/LMR0PKsU04
Wed Dec 06 12:24:09 +0000 2017,$TSLA:  The Bull Case for Tesla Inc Stock Is Starting to Crack:  https://t.co/j71l7QWEtl
Wed Dec 06 12:11:58 +0000 2017,@izakaminska Adam Jonas is so insufferable. Michael Lewitt has a good write up here: https://t.co/6CUWWYh6vc.   Sti‚Ä¶ https://t.co/7RLf1EvAcH
Wed Dec 06 12:09:59 +0000 2017,‚ÄúIf you want risk we surmise Bitcoin will reach $20000 long before TSLA reaches $700. And you‚Äôll be able to hedge‚Ä¶ https://t.co/Qk5APGxYMf
Wed Dec 06 12:09:15 +0000 2017,Tesla Semi Autopilot Sensors Pointed Out Potential LiDAR ‚Äì Video https://t.co/rkOi2uPWLj
Wed Dec 06 12:08:43 +0000 2017,TSLA Stock Quote - #Tesla Inc Summary | Investopedia https://t.co/AJQHOSkJFv
Wed Dec 06 12:02:17 +0000 2017,Tesla stock downgraded to sell on signs Model 3 demand is starting to flag - Cascend Securities says new customers‚Ä¶ https://t.co/xbty0KChZo
Wed Dec 06 11:56:16 +0000 2017,Missouri Appeals Court Hands Win To Electric Car Maker Tesla - Kcur - KCUR https://t.co/JpwhYnQRzR
Wed Dec 06 11:42:42 +0000 2017,US STOCK MARKET: A TESLA-LED CAR CRASH IS COMING https://t.co/jeoF8olyw4 https://t.co/63S5Fw39NV
Wed Dec 06 10:48:08 +0000 2017,Ranny' s blog: US STOCK MARKET: A TESLA-LED CAR CRASH IS COMING https://t.co/IH8ynuwK6z
Wed Dec 06 09:51:01 +0000 2017,RT @RonThornton: Tesla stock downgraded to sell on signs Model 3 demand is starting to flag - MarketWatch #TeslaModel3  https://t.co/8Qp35C‚Ä¶
Wed Dec 06 09:47:04 +0000 2017,Tesla stock downgraded to sell on signs Model 3 demand is starting to flag - MarketWatch #TeslaModel3  https://t.co/8Qp35CSx2b
Wed Dec 06 09:00:56 +0000 2017,Tesla $TSLA stock downgraded to sell from hold at Cascend on lagging customer demand. Discover more: https://t.co/To2byyf2dl #Trading
Wed Dec 06 08:46:13 +0000 2017,Elon Musk sending a Tesla to Mars is all about getting that stock price up.. #Auspol
Wed Dec 06 07:53:44 +0000 2017,@Tweetermeyer you folks said it yourselves - Tesla is not like any other stock.  yet you analyze it as if it was.  insanity.
Wed Dec 06 07:51:41 +0000 2017,#Forex Tesla suffers from negative pressures - Analysis - 05-12-2017: Tesla's stock (TSLA) fell in the intraday lev‚Ä¶ https://t.co/1FJr0HoTKb
Wed Dec 06 05:51:28 +0000 2017,@tangent90x @CNN @rishikumar1 @310 Stay tuned. Musk is corrupted. Tesla will survive he won't. Space-X uncertain.‚Ä¶ https://t.co/SO5ZkHKraC
Wed Dec 06 05:42:19 +0000 2017,@BrowningMachine @AnnCoulter Because CEOs get a majority of their pay in stock options. To make there stock worth m‚Ä¶ https://t.co/EAkocSs6se
Wed Dec 06 05:15:11 +0000 2017,Many times I hear someone say they can't afford a Tesla. If you love the cars you can:  üë®üèº‚Äçüíªwork more hours üë©‚ÄçüíªInve‚Ä¶ https://t.co/EIfK7UG6tI
Wed Dec 06 05:14:25 +0000 2017,@tangent90x @CNN Oops. Thought you might like this one @rishikumar1. Dropping like flies? But hey these are just t‚Ä¶ https://t.co/NrbJikkF0C
Wed Dec 06 04:30:21 +0000 2017,Did Tesla Motors Inc (TSLA) Stock Just Have Its Amazon Moment? https://t.co/oYAa9yWHeD https://t.co/1tWr8VKCcs
Wed Dec 06 03:31:15 +0000 2017,if u got money put that shit in Tesla stock NOW
Wed Dec 06 03:08:03 +0000 2017,@RyanOScribner  Do you know how to  Invest in stocks without stock broker I want to invest in Tesla thanks
Wed Dec 06 02:22:19 +0000 2017,Tesla stock downgraded to sell on signs Model 3 demand is starting to flag - MarketWatch $TSLA https://t.co/gsc1GEzptk
Wed Dec 06 02:20:02 +0000 2017,$TSLA stock downgraded to sell on signs Model 3 demand is starting to flag https://t.co/dLxPQbcNEp
Wed Dec 06 02:15:08 +0000 2017,US STOCK MARKET: A TESLA-LED CAR #CRASH IS COMING https://t.co/8oJBLRlA1s
Wed Dec 06 01:55:06 +0000 2017,Investors are apparently dumping Tesla Stocks because of Model 3 production woes what a bunch of idiots. Tesla has‚Ä¶ https://t.co/j3UhACiejS
Wed Dec 06 01:49:26 +0000 2017,And that‚Äôs a reason to buy it?  https://t.co/LB5VeC4uy5
Wed Dec 06 01:40:29 +0000 2017,Hasn‚Äôt Tesla raised 8-9x what SpaceX has? I can‚Äôt imagine SpaceX being public like Tesla and a non-public combined‚Ä¶ https://t.co/MIjyesKXVn
Wed Dec 06 01:31:06 +0000 2017,Upping my odds to 60% of SpaceX Tesla merger (sooner of 2 years or when Tesla stock falls significantly)  WHY?  1 C‚Ä¶ https://t.co/MJX6NDwiTV
Wed Dec 06 01:27:16 +0000 2017,RT @JasonEBurack: Another excuse for Tesla stock to rise? Lol https://t.co/3wWXGEdR8m
Wed Dec 06 01:17:39 +0000 2017,Tesla Stock Could Fall 40% Next Year https://t.co/7eLCiCZcsT
Wed Dec 06 01:00:21 +0000 2017,US STOCK MARKET: A TESLA-LED CAR CRASH IS COMING - https://t.co/J5wAQ6AstR
Wed Dec 06 00:47:41 +0000 2017,Tesla demand waning as customers rather go elsewhere than wait for new vehicles says analyst - Cascend downgraded‚Ä¶ https://t.co/yJVfHP3yXt
Wed Dec 06 00:20:08 +0000 2017,RT @David_Kudla: Well good for you. You are so smart you saved your clients from a profit.  Just out of curiosity what do you think Tesl‚Ä¶
Wed Dec 06 00:04:43 +0000 2017,US STOCK MARKET: A TESLA-LED CAR CRASH IS COMING ‚Äì InvestmentWatch https://t.co/a0Z7sk7dhf
Tue Dec 05 23:56:33 +0000 2017,Another excuse for Tesla stock to rise? Lol https://t.co/3wWXGEdR8m
Tue Dec 05 23:26:18 +0000 2017,Missouri Appeals Court Hands Win To Electric Car Maker Tesla - KCUR https://t.co/ZfrDg404Fc
Tue Dec 05 22:25:42 +0000 2017,@BonaireVolt @omniamea @cppinvest @robinivski @SonOfUhGunn @scott11120 @markbspiegel or Tesla is a multi-billion do‚Ä¶ https://t.co/OCZkypT584
Tue Dec 05 22:24:49 +0000 2017,RT @CrosbieABJSoc: It is crazy to me how the only thing focused on when it comes to @Tesla is whether or not they hit earnings or productio‚Ä¶
Tue Dec 05 21:45:19 +0000 2017,Tesla stock downgraded to sell on signs Model 3 demand is starting to flag https://t.co/GPcYV7Q24F #News via @IBNMoney_com #USA
Tue Dec 05 21:33:05 +0000 2017,Regardless of my opinion of $TSLA stock this is a good fight and a good win.  Tesla wins legal battle over Missour‚Ä¶ https://t.co/C8UhnNLkKO
Tue Dec 05 21:24:18 +0000 2017,RT @therealslog: A credit bubble Tesla hype and GM's EV fightback could well kick off Crash2: we know this is likely because the MSM says‚Ä¶
Tue Dec 05 21:19:56 +0000 2017,"If you want risk buy CME bitcoin futures on Sunday." - Eric Ross at Cascend re $TSLA https://t.co/RK9Vrcxdwf
Tue Dec 05 20:32:00 +0000 2017,Want to surprise your friends or fave employee? Our 8-Pack gift card includes Apple Disney Facebook Tesla Googl‚Ä¶ https://t.co/GTT1kW5NT2
Tue Dec 05 20:05:26 +0000 2017,I really hope #Tesla and #SpaceX merge.  Two disruptive companies that would be awesome to own within same stock.
Tue Dec 05 19:40:11 +0000 2017,@LizClaman @Citroen I own stock in Tesla... One of these days I might convert to a Tesla car... Don't have THAT much stock...
Tue Dec 05 19:32:47 +0000 2017,@CNBC @FoxBusiness and the other Wall Street BIG OIL Puppets trying to drive @TESLA shares down with negative propa‚Ä¶ https://t.co/fqqpAey0CU
Tue Dec 05 19:30:58 +0000 2017,US STOCK MARKET: A TESLA-LED CAR CRASH IS COMING https://t.co/Y6yVpflsty via @therealslog
Tue Dec 05 19:24:26 +0000 2017,RT @iliketeslas: Jonas $tsla biggest bull has joined the Tesla is going bankrupt crowd. I have sold some shares. All indications this stock‚Ä¶
Tue Dec 05 19:20:42 +0000 2017,Jonas $tsla biggest bull has joined the Tesla is going bankrupt crowd. I have sold some shares. All indications thi‚Ä¶ https://t.co/Xuhy2oTZnN
Tue Dec 05 19:07:51 +0000 2017,RT @MarketsTicker: Tesla stock downgraded to sell from hold at Cascend on lagging customer demand https://t.co/8AAamIRuzl
Tue Dec 05 18:56:53 +0000 2017,Tesla Stock Could Fall 40% Next Year OR MORE üòú https://t.co/SXpIeEVcU7
Tue Dec 05 18:53:11 +0000 2017,TESLA IS TOAST (also consider how many refunds will be requested when people learn the car is 50k and not 35k)Tesla‚Ä¶ https://t.co/R5lwmaQrgT
Tue Dec 05 18:49:17 +0000 2017,@sourcex44 @tallross The ppl that have serious money chinese eu and us investors have easy access to tesla stock‚Ä¶ https://t.co/XY5lMn7lpA
Tue Dec 05 18:29:03 +0000 2017,@cppinvest @SonOfUhGunn @robinivski @scott11120 @markbspiegel So along with SpaceX travelling the world chasing a‚Ä¶ https://t.co/lc6qXfN1c8
Tue Dec 05 18:14:24 +0000 2017,@SovCryptoBlog @tallross Well that's where you get it wrong. Cryptos don't have boundaries  Tesla stock does. I don‚Ä¶ https://t.co/sjCSxKA0ts
Tue Dec 05 18:14:07 +0000 2017,Motherload Of Tesla Model 3 Vehicles Spotted Multiple Locations https://t.co/rQ12oMjJc4
Tue Dec 05 18:10:24 +0000 2017,@tallross @sourcex44 less than 1% of the world owns tesla stock
Tue Dec 05 18:00:25 +0000 2017,Tesla Model S P100D Seeks Spotlight By Taking On Stock Ferrari FF https://t.co/ON86dRaMYR @Carscoop
Tue Dec 05 17:47:14 +0000 2017,Tesla Has Underperformed Its Peers in the Last 3 Months https://t.co/QrISfWqBrH
Tue Dec 05 17:35:56 +0000 2017,Technology stocks edged higher today Tesla Inc. stock was downgraded to sell from hold by Cascend Securities and‚Ä¶ https://t.co/yQBAIIpAlv
Tue Dec 05 17:31:27 +0000 2017,Elon Musk mocks short sellers after Tesla stock surge https://t.co/hByrRz2Hxz https://t.co/bz1fmJvXUk
Tue Dec 05 17:30:03 +0000 2017,$TSLA current stock price: $305.26. #Tesla #TeslaStock #bot https://t.co/M2YDDOu7LZ
Tue Dec 05 17:27:08 +0000 2017,#Tesla Model S P100D Seeks Spotlight By Taking On Stock #Ferrari FF https://t.co/SnC62Fmzy5 https://t.co/2MdBAyXeTs
Tue Dec 05 17:01:43 +0000 2017,Why Are Analysts Turning Negative on Tesla in December? https://t.co/vqrmf0twHk $TSLA $GM $F $FCAU
Tue Dec 05 17:01:42 +0000 2017,@pae9180 Tesla has many believers and even sceptics see it as a "momentum" stock. Lots of clever ppl paying attn se‚Ä¶ https://t.co/bg3hyc9o8Z
Tue Dec 05 16:51:09 +0000 2017,Tesla stock downgraded to sell on signs Model 3 demand is starting to flag https://t.co/jgRBVye690.
Tue Dec 05 16:22:24 +0000 2017,Tesla: Cascend Securities downgrades to Sell from Hold with $250 price target on signs Model 3 demand is starting t‚Ä¶ https://t.co/C8gbHxyl9D
Tue Dec 05 16:21:02 +0000 2017,https://t.co/umFkvxcZXT Tesla stock downgraded to sell on signs Model 3 demand is starting to flag - $TSLA It's cir‚Ä¶ https://t.co/ZqcK5kKRQa
Tue Dec 05 16:20:43 +0000 2017,New post: "Tesla's stock downgraded to sell as analyst cites demand lag" https://t.co/K8ODBdey0C
Tue Dec 05 16:14:15 +0000 2017,Porsche CEO Says Automaker Is Losing Customers To Tesla https://t.co/owRuoI8mq2
Tue Dec 05 16:12:15 +0000 2017,Tesla stock downgraded to sell on signs Model 3 demand is starting to flag https://t.co/phazBDuGKA via‚Ä¶ https://t.co/1x12Wh9PMq
Tue Dec 05 16:11:17 +0000 2017,Tesla stock downgraded to sell on signs Model 3 demand is starting to flag: Cascend Securities says new customers w‚Ä¶ https://t.co/PbJTERn1gK
Tue Dec 05 16:10:35 +0000 2017,Tesla's stock downgraded to sell as analyst cites demand lag https://t.co/K8ODBdey0C
Tue Dec 05 15:49:04 +0000 2017,RT @mm: In the most San Francisco crime ever someone tagged my neighbor's Tesla with its afterhours stock price. His other Tesla appears u‚Ä¶
Tue Dec 05 15:32:36 +0000 2017,Tesla stock downgraded to sell from hold at Cascend on lagging customer demand: Tesla Inc. .. #marketwatch #news https://t.co/2zmZ5EkU7O
Tue Dec 05 15:30:23 +0000 2017,LACDD stock holders holding tight. We know what‚Äôs going to happen with all the super demand for lithium for the nex‚Ä¶ https://t.co/FWZcSnlXP4
Tue Dec 05 15:11:57 +0000 2017,RT @valuewalk: Tesla's stock downgraded to sell as analyst cites demand lag https://t.co/fodXoiS30S
Tue Dec 05 14:39:32 +0000 2017,TSportline Shows Us Its Customized Tesla Model 3 Called 3X ‚Äì Video https://t.co/wXQnoU9SEP
Tue Dec 05 14:31:12 +0000 2017,$TSLA downgrade: "If you want risk buy CME bitcoin futures on Sunday." https://t.co/zQdhq4ehLG
Tue Dec 05 14:27:28 +0000 2017,$TSLA Tesla (NASDAQ:TSLA) was downgraded by analysts at Cascend Securities (Not Ranked) from a "hold" rating to a "‚Ä¶ https://t.co/OYRiLjU1zV
Tue Dec 05 14:13:02 +0000 2017,Tesla stock downgraded to sell from hold at Cascend on lagging customer demand https://t.co/KlC5Yb7hnn $TSLA
Tue Dec 05 14:12:07 +0000 2017,Tesla stock downgraded to sell from hold at Cascend on lagging customer demand https://t.co/ZLsCmQlNus
Tue Dec 05 14:09:22 +0000 2017,Tesla stock downgraded to sell from hold at Cascend on lagging customer demand [MKW https://t.co/aimFCI6Su6]
Tue Dec 05 14:06:22 +0000 2017,MarketWatch: Tesla's stock downgraded to sell as analyst cites demand lag https://t.co/vnq2Kj5pvC
Tue Dec 05 14:01:20 +0000 2017,Tesla stock downgraded to sell from hold at Cascend on lagging customer demand https://t.co/rBPru7bFHA ‚Üí via @AlertTrade
Tue Dec 05 13:59:01 +0000 2017,New post: Tesla stock downgraded to sell from hold at Cascend on lagging customer demand https://t.co/A3L8Sxf7o1
Tue Dec 05 13:57:14 +0000 2017,Tesla downgraded to sell vs. hold at Cascend  https://t.co/qEroCB1BVg
Tue Dec 05 13:44:28 +0000 2017,@WIRED ‚ÄúWannabe?‚Äù Clearly you own @Tesla stock #fairandbalanced
Tue Dec 05 12:36:49 +0000 2017,Tesla‚Äôs stock decline over the past few monthüò≠ shit im all about tesla man
Tue Dec 05 12:31:24 +0000 2017,Guggenheim Has Just Reaffirmed $430.0 Target Price Per Share on Tesla Motors (NASDAQ:TSLA ... https://t.co/q46kD2pjQD
Tue Dec 05 12:31:08 +0000 2017,@omniamea @cppinvest @scott11120 @markbspiegel I think what CPP is saying is that if Tesla fails Elon‚Äôs leveraged‚Ä¶ https://t.co/pLnkExNhGb
Tue Dec 05 12:28:52 +0000 2017,@BBC_TopGear @Tesla Yea they should could probobly enter with a stock car
Tue Dec 05 12:16:08 +0000 2017,RT @InvestWatchBlog: US STOCK MARKET: A TESLA-LED CAR CRASH IS COMING - https://t.co/MhtF2CVB2x https://t.co/T65j6Kz0H9
Tue Dec 05 11:34:10 +0000 2017,New Tesla Roadster Design Sketches Clay Model Images Surface https://t.co/o2ZCWgSOyu
Tue Dec 05 09:54:40 +0000 2017,RT @therealslog: IABATO: It's All Bollocks And That's Official. Never truer than today @dearaunty @Socrate41429642 @Markgsparrow @itshamish‚Ä¶
Tue Dec 05 09:35:34 +0000 2017,IABATO: It's All Bollocks And That's Official. Never truer than today @dearaunty @Socrate41429642 @Markgsparrow‚Ä¶ https://t.co/sxs2FqT2WD
Tue Dec 05 09:18:19 +0000 2017,RT @NTMarketscom: The Slog. US STOCK MARKET: A TESLA-LED CAR CRASH IS COMING.  The media‚Äôs macro portrait of ‚Äòeverything‚Äôs alright really‚Äô‚Ä¶
Tue Dec 05 09:17:15 +0000 2017,The Slog. US STOCK MARKET: A TESLA-LED CAR CRASH IS COMING.  The media‚Äôs macro portrait of ‚Äòeverything‚Äôs alright re‚Ä¶ https://t.co/LjEM9P0WjP
Tue Dec 05 09:07:25 +0000 2017,A credit bubble Tesla hype and GM's EV fightback could well kick off Crash2: we know this is likely because the M‚Ä¶ https://t.co/ksaf4gCOZR
Tue Dec 05 09:06:18 +0000 2017,#Tesla's ability to avoid a crackup in the markets on December 1 bodes well for the #Stock .
Tue Dec 05 08:58:36 +0000 2017,RT @ward_slog: US STOCK MARKET: A TESLA-LED CAR CRASH IS COMING https://t.co/a2Fb5JBsWR https://t.co/f4GXq26nBh
Tue Dec 05 06:03:37 +0000 2017,Well good for you. You are so smart you saved your clients from a profit.  Just out of curiosity what do you thi‚Ä¶ https://t.co/kMcFKG8ATu
Tue Dec 05 05:22:43 +0000 2017,Yea. @Tesla $TSLA was a great stock to make some money but never considered it a company for long term investment  https://t.co/gB3rsEi29E
Tue Dec 05 04:58:44 +0000 2017,RT @SaeedBaygi: #Stocks #Investment Tesla's Fatal Flaw That Bulls Are Ignoring - Seeking Alpha: Tesla's Fatal Flaw That Bulls Are Ignoring‚Ä¶
Tue Dec 05 04:35:09 +0000 2017,#Stocks #Investment Tesla's Fatal Flaw That Bulls Are Ignoring - Seeking Alpha: Tesla's Fatal Flaw That Bulls Are I‚Ä¶ https://t.co/yqrZCRksNU
Tue Dec 05 04:09:14 +0000 2017,RT @SnShines: @elonmusk You are trying every trick in the book but still @Tesla stock price is not soaring. Guess market is catching up wi‚Ä¶
Tue Dec 05 03:16:23 +0000 2017,Tesla¬†is viewed as a cultivation clothesline fifty-fifty in spite of Inventor has not imaginary capital and accord‚Ä¶ https://t.co/Lc88iOCF6i
Tue Dec 05 02:46:14 +0000 2017,Why Tesla's Stock Could Rally Into Yearend https://t.co/FOfUbeu9Go
Tue Dec 05 02:44:55 +0000 2017,Is it time to short Tesla stock yet @rishikumar? Tick tock.
Tue Dec 05 02:37:50 +0000 2017,"Nothing in the stock market is guaranteed."  #NorthKorea #Bitcoin #indexing #bubble #interestrates #ETFs $TSLA‚Ä¶ https://t.co/HSvs4vbnLz
Tue Dec 05 02:07:10 +0000 2017,yet people buying up @Tesla stock at values that price in them as the only game in town. https://t.co/zzDEo0qjcN
Tue Dec 05 02:04:40 +0000 2017,@talesftf If Tesla said they could make 640k vehicles annually of the model 3 it would be ground breaking news and‚Ä¶ https://t.co/JlcYmZYIop
Mon Dec 04 23:56:01 +0000 2017,@business I think Elon has lost his mind. More and more weird info and more and more bad news from Tesla. It seems‚Ä¶ https://t.co/JBzKPmWmff
Mon Dec 04 23:50:08 +0000 2017,#China's #Tencent is quietly surrounding #US #TechGiants with Trojan horse investments: a 5% stake in @Tesla a 10%‚Ä¶ https://t.co/i3kxeSL0rO
Mon Dec 04 23:01:55 +0000 2017,@elonmusk How about teaming up with a Game franchise like Forza Motorsport and convert a Tesla to a real world sim‚Ä¶ https://t.co/LloNvMlhWY
Mon Dec 04 21:50:31 +0000 2017,RT @pedroparralc: Why Tesla's Stock Could Rally Into Yearend  #TSLA https://t.co/01LXehON6n via @investopedia
Mon Dec 04 21:25:11 +0000 2017,RT @DRBarton_Stocks: $TSLA might have hit record territory yesterday but there is one simple reason why I'm avoiding this #tech #stock. ht‚Ä¶
Mon Dec 04 21:16:35 +0000 2017,i8 is 357 hp. My 09 535M is 300 stock and close to 400 now with my Cobb flash. Tesla is whipping BMWs arse in electric.
Mon Dec 04 21:10:27 +0000 2017,Why Tesla's Stock Could Rally Into Yearend  #TSLA https://t.co/01LXehON6n via @investopedia
Mon Dec 04 21:04:53 +0000 2017,$SPWR $FSLR With Solar Stock is very cheap some big car company might acquire Solar company to compete with Tesla.‚Ä¶ https://t.co/VyjJowndYs
Mon Dec 04 21:04:42 +0000 2017,@HenryWilliams74 @Tesla oh I get it ... you don't actually know anything about the car ... you just want to try pat‚Ä¶ https://t.co/6hoDK4b7dj
Mon Dec 04 20:22:18 +0000 2017,Why Tesla Is Now The Most Valuable U.S. Car Company via /r/Stock_Picks https://t.co/3D2kdGluhA
Mon Dec 04 20:14:26 +0000 2017,Putin Likes Tesla Knocks Electric Vehicles https://t.co/G3CHS4ssV3
Mon Dec 04 20:07:13 +0000 2017,@thealphabetter @CoryGroshek @LithiumToday Lithium Americas is the best lithium stock to own It's located in Nevada‚Ä¶ https://t.co/Yu4CH9VFTF
Mon Dec 04 20:04:10 +0000 2017,Tesla stock has dropped over 3% in the last 5 days despite a big breakthrough for renewable energy in Australia #SUACCF17
Mon Dec 04 19:54:21 +0000 2017,I finally put my money where my mouth is and bought some @Tesla stock. Go go gadget @elonmusk.
Mon Dec 04 19:48:05 +0000 2017,TESLA stock rally coming up? https://t.co/y9gXeoD6e7
Mon Dec 04 19:13:21 +0000 2017,Why Another Tesla Inc Stock Rally Could Be Just Days Away #TSLA https://t.co/OSPGYpVNrT via @YahooFinance
Mon Dec 04 19:08:12 +0000 2017,#TESLA will always be my favorite stock to keep in my portfolio #Long.   A rebound is expected soon upon the announ‚Ä¶ https://t.co/QG7BlT8zs7
Mon Dec 04 18:09:22 +0000 2017,Daimler Reportedly Rents Tesla Model X Tests and Dismantles It https://t.co/toiHyeyuLC
Mon Dec 04 18:08:33 +0000 2017,$TSLA If you like this stock long term you should be fine buying now. Short term wait for it to take out 310.76‚Ä¶ https://t.co/K3oXL4fGG5
Mon Dec 04 17:57:11 +0000 2017,#Stocks #Investment Why Another Tesla Inc Stock Rally Could Be Just Days Away - https://t.co/hCwzJAjZ2v:‚Ä¶ https://t.co/gpSTtHurbE
Mon Dec 04 17:56:30 +0000 2017,RT @teslaliving: $TSLA current stock price: $303.45. #Tesla #TeslaStock #bot https://t.co/lt5rHSjgMk
Mon Dec 04 17:30:02 +0000 2017,$TSLA current stock price: $303.45. #Tesla #TeslaStock #bot https://t.co/lt5rHSjgMk
Mon Dec 04 17:27:00 +0000 2017,RT @S3Partners: Is the tide turning for Tesla short-sellers?  @Michelle_RJones @valuewalk https://t.co/VqOw1NpdPX
Mon Dec 04 17:20:21 +0000 2017,@davebudge The stock price is another beast and I‚Äôd accept arguments in either direction. Fact is though tesla owns‚Ä¶ https://t.co/wbYd4yAWC7
Mon Dec 04 17:05:08 +0000 2017,Don't know what Tencent is yet? You will soon. https://t.co/dcUN8OvGvm
Mon Dec 04 16:51:39 +0000 2017,@InsideEVs Don't C .@elonmusk leaving .@Tesla.  #stock WD suffer. C him handing reins over 2 a new #CEO. He stays o‚Ä¶ https://t.co/ATyayF6kjk
Mon Dec 04 16:18:18 +0000 2017,@makhubukulz @elonmusk I used to own Tesla stock at $20. Not anymore. It's now $300
Mon Dec 04 16:05:52 +0000 2017,Analyst Predicts Musk Will Leave Tesla https://t.co/9w67XfcJTd
Mon Dec 04 16:00:52 +0000 2017,The secret to Steve Jobs' and Elon Musk's success according to a former Apple and Tesla executive‚Ä¶ https://t.co/V2aIsOxHBP
Mon Dec 04 15:59:04 +0000 2017,$TSLA:  Why Another Tesla Inc Stock Rally Could Be Just Days Away:  https://t.co/4BBSdRrEGd
Mon Dec 04 15:14:19 +0000 2017,RT @_DJLane: @TevinLatrey There's going to be some obstacles and challenges but fuck it.. I know this option contract can be flipped from 3‚Ä¶
Mon Dec 04 15:10:06 +0000 2017,Is the tide turning for Tesla short-sellers?  @Michelle_RJones @valuewalk https://t.co/VqOw1NpdPX
Mon Dec 04 13:59:24 +0000 2017,China's Tencent is quietly surrounding US tech giants with Trojan horse investments https://t.co/HTH9K2zmEn @CNBC‚Ä¶ https://t.co/LSinqUSvTy
Mon Dec 04 13:21:18 +0000 2017,RT @S3Partners: @@MJonesValueWalk Time To Short Tesla Inc (TSLA) Stock: Another Analyst Being A ‚ÄúJerk‚Äù https://t.co/VqOw1NpdPX via @ValueWa‚Ä¶
Mon Dec 04 13:10:09 +0000 2017,@elonmusk @elonmusk rather than buy your hat. I‚Äôd love to be able to buy shares in anything tesla but you are not‚Ä¶ https://t.co/Se5MNo8Rwy
Mon Dec 04 13:05:40 +0000 2017,Tencent‚Äôs trojan horse investments - https://t.co/bpruK70R7L  Well played Pony Ma!
Mon Dec 04 13:04:02 +0000 2017,$GLUU Glu Adds Tesla's Chief People Officer Gabrielle Toledano to Board of Directors From our Stock News Alerts App
Mon Dec 04 12:50:49 +0000 2017,RT @OVVeterans: Tesla Inc (TSLA) Beats Big Battery Deadline | Stock Market News | US News https://t.co/XYRPOYE73N #Veteran #Vets #OH #Techn‚Ä¶
Mon Dec 04 12:04:13 +0000 2017,Tesla Model 3 Finally Gets Radio Odometer In Latest Software Update https://t.co/EAk3t8iXo6
Mon Dec 04 11:54:52 +0000 2017,RT @SoniaKris13: BIGGEST sponsors for those B white kkk supporters our family African Americans they had products Nigger word our Latino A‚Ä¶
Mon Dec 04 11:54:45 +0000 2017,BIGGEST sponsors for those B white kkk supporters our family African Americans they had products Nigger word our L‚Ä¶ https://t.co/pfZ8kcToB5
Mon Dec 04 11:23:49 +0000 2017,Tencent-Spotify stock swap follows investments in Tesla Snap and more https://t.co/GkdGqneVJu #Tencent‚Ä¶ https://t.co/5hC3t4dUHv
Mon Dec 04 10:26:40 +0000 2017,RT @SoniaKris13: @USSupremeCourt You already know been tweeting for over a year. YOU know WE can CRASH US Stock market done that MANY times‚Ä¶
Mon Dec 04 10:26:34 +0000 2017,@USSupremeCourt You already know been tweeting for over a year. YOU know WE can CRASH US Stock market done that MAN‚Ä¶ https://t.co/TuYZJg8AgL
Mon Dec 04 10:17:25 +0000 2017,Just witnessed mass adoption. An ultra conservative investor friend sold his @Volkswagen &amp; @Tesla stock for #BTC an‚Ä¶ https://t.co/9pRVn50q6q
Mon Dec 04 10:14:43 +0000 2017,@jennica_toms @wind4me @biggercapital @uaddt @ColemanCullen @ChrisBelyk @lfburch @ElectronComm @PlugPowerInc I'll t‚Ä¶ https://t.co/XpUkBs0tuk
Mon Dec 04 08:22:08 +0000 2017,Countdown day #60: Many firms claim stock market requires cost-cutting &amp; quarterly returns. Yet stock market reward‚Ä¶ https://t.co/t6lZQfWwvn
Mon Dec 04 07:39:22 +0000 2017,RT @jan_wich: China's Tencent is quietly surrounding US tech giants with Trojan horse investments  https://t.co/QknBWUW0a6  #tech #fintech‚Ä¶
Mon Dec 04 06:52:39 +0000 2017,#Strategy #investment #startups 'Perhaps the enemies of Tencent's enemies can look forward to more big checks.' https://t.co/Xatcgn35Gn
Mon Dec 04 06:21:00 +0000 2017,Even if Tesla stock goes to zero and its bonds default to pennies-on-the-dollar its factories and software reposi‚Ä¶ https://t.co/x9Teua25ww
Mon Dec 04 05:42:09 +0000 2017,RT @HedgeBz: #Tesla stock falls as GOP unveils tax plan that eliminates electric car subsidy $TSLA https://t.co/6ywj4rKHKB #politics
Mon Dec 04 05:05:59 +0000 2017,RT @TitusNation: Not according to the Supreme Court. Energy Independence? Like wind solar? My Tesla will dust anything on the road. Sell t‚Ä¶
Mon Dec 04 04:59:07 +0000 2017,Sunday night stock tip; TESLA. If you think Tesla is an automobile manufacturer you have much to learn young... https://t.co/uJEbU9DEte
Mon Dec 04 04:45:01 +0000 2017,#China's #Tencent is quietly surrounding #US tech giants with #Trojan horse investments. #IT #security‚Ä¶ https://t.co/v92RD1ByXT
Mon Dec 04 04:31:02 +0000 2017,Tesla Is Now the Most Shorted Stock In the U.S. Stock Market -- Elon Musk Is Chill About It Though https://t.co/JHY7Hb8HNn
Mon Dec 04 04:19:14 +0000 2017,@TevinLatrey There's going to be some obstacles and challenges but fuck it.. I know this option contract can be fli‚Ä¶ https://t.co/tzmiD21RkM
Mon Dec 04 03:49:06 +0000 2017,@rytrahan Invest in Amazon Tesla and Netflix stock
Mon Dec 04 03:42:04 +0000 2017,RT @Aponhcet: @elonmusk Ok love it. But when will we see stock tesla beating lap time in nurburgring?
Mon Dec 04 03:22:00 +0000 2017,RT @yicaichina: #China's #Tencent is quietly surrounding #US #tech giants with #Trojanhorse #investments #Spotify is one such example https‚Ä¶
Mon Dec 04 03:00:53 +0000 2017,#China's #Tencent is quietly surrounding #US #tech giants with #Trojanhorse #investments #Spotify is one such examp‚Ä¶ https://t.co/79oKGvTTp9
Mon Dec 04 02:57:59 +0000 2017,Interesting times ahead for both #TENCENT and #US stock giants|https://t.co/W15ZwEQsQc| #finance #china
Mon Dec 04 02:28:29 +0000 2017,@TheTeddyGrahams I recant my previous statement and am now buying stock in Tesla
Mon Dec 04 02:25:53 +0000 2017,RT @MichaelMOTTCM: One of my 10 #predictions for #2018. Why #tesla could double. I‚Äôll be on @cheddar to discuss $tsla $amzn #tesla  https:/‚Ä¶
Mon Dec 04 00:44:17 +0000 2017,China's @Tencent is quietly surrounding US tech giants with Trojan horse investments https://t.co/fZ1HpLcJSQ #facebook #tesla #amazon
Mon Dec 04 00:12:56 +0000 2017,I like how @DavidDobrik received an investing in stock for dummies from a fan and then goes investing a million on Tesla alone :)
Mon Dec 04 00:08:23 +0000 2017,RT @rayelle: Stock markets at all time highs Lowest jobless claims since 73 6 TRILLION added to economy since Election Consumer confidence‚Ä¶
Sun Dec 03 23:48:40 +0000 2017,One of my 10 #predictions for #2018. Why #tesla could double. I‚Äôll be on @cheddar to discuss $tsla $amzn #tesla  https://t.co/Z5TSz9uj62
Sun Dec 03 23:47:43 +0000 2017,@elonmusk You're funny guy. Hey since I'm a stockholder in Tesla do you think you could work on a way to double t‚Ä¶ https://t.co/cC2jbUkcNf
Sun Dec 03 23:33:02 +0000 2017,RT @MarketWatch: Chart of the day: Look at all the green at the top https://t.co/weMtYWY0Be https://t.co/dfFQDNEKn3
Sun Dec 03 23:00:13 +0000 2017,First Reported On 11/03/2017‚ïëTesla stock falls as GOP unveils tax plan that eliminates electric car subsidy $TSLA‚Ä¶ https://t.co/ngbxqfgiYA
Sun Dec 03 21:35:10 +0000 2017,@TrapBasquiat Look up the stock Tesla on YouTube smoke all kinds of whips. The love it real
Sun Dec 03 21:20:57 +0000 2017,@stigolar Nope. People have said Tesla would die for many years now and he claims they hand build the cars which Te‚Ä¶ https://t.co/MJ5aZULd9F
Sun Dec 03 21:15:33 +0000 2017,Opinion: Tesla stock too expensive? - Trading stocks online or online trading of stocks and shares is a common phen‚Ä¶ https://t.co/p2yXMtSSvJ
Sun Dec 03 20:17:40 +0000 2017,Also I'm watching Dredd and Domnhall is in that too!! This guy is in EVERYTHING. If he was a stock he would be Te‚Ä¶ https://t.co/IqxwUmIbxy
Sun Dec 03 20:06:26 +0000 2017,Tencent has a 5% stake in Tesla? and in many other US companies...  China's Tencent is quietly surrounding US tech‚Ä¶ https://t.co/9zfsP4aeXE
Sun Dec 03 19:13:25 +0000 2017,@xPerfectlyInSan They are fixing the timings and no the egoista has no set drags time and the VS timing is fake.‚Ä¶ https://t.co/cOSZMixByP
Sun Dec 03 19:03:42 +0000 2017,Next Tesla scheme to pump the stock: "Now that large touchscreen on the dash mines Bitcoin 24/7. The car will pay f‚Ä¶ https://t.co/ttcvnA9Vbr
Sun Dec 03 18:07:28 +0000 2017,Despite Struggles Tesla Steals Market Share From Rivals https://t.co/7wHeS68br2
Sun Dec 03 18:01:40 +0000 2017,@elonmusk Mr Musk going Private is Big mistake you will lose your Base! Public Stock is Your Advertising as people‚Ä¶ https://t.co/CIE9MENVHq
Sun Dec 03 17:34:17 +0000 2017,RT @N8Seal: #MyBigRegret since 2011 is not investing in @Tesla stock or not using a coupon for my last haircut. Hey @FDATobacco what‚Äôs yo‚Ä¶
Sun Dec 03 17:24:21 +0000 2017,RT @teslaliving: $TSLA current stock price: $307.74. #Tesla #TeslaStock #bot https://t.co/vIWc0RwtTJ
Sun Dec 03 17:11:09 +0000 2017,The Latest Tesla Challenger Takes on the Auto Industry With a Stunning Electric Sedan - WIRED https://t.co/cLNHVBq0zV
Sun Dec 03 16:48:28 +0000 2017,China's Tencent is quietly surrounding US tech giants with Trojan horse investments https://t.co/lTtpOm4B88 (what T‚Ä¶ https://t.co/Z4TnbMrKUD
Sun Dec 03 16:12:22 +0000 2017,Tesla‚Äôs Tried-And-True Method For Raising Funds Works Again https://t.co/Q85kPLv4CO
Sun Dec 03 15:45:45 +0000 2017,10 Reasons to Buy TESLA STOCK - https://t.co/2GgVK3MEME
Sun Dec 03 14:38:06 +0000 2017,RT @DomenickBeskos: #Tesla - insider selling means it is time go short this cult stock - sorry Elon I still think you are genious https://‚Ä¶
Sun Dec 03 14:34:25 +0000 2017,Tencent made a series of significant investments in Western companies this year https://t.co/wKBKz1tbRr
Sun Dec 03 13:37:52 +0000 2017,Tesla Inc. - TSLA - Stock Price Today - Zacks - https://t.co/S4WV8WPyYZ via https://t.co/BJJW8qrcFn
Sun Dec 03 13:37:17 +0000 2017,Not according to the Supreme Court. Energy Independence? Like wind solar? My Tesla will dust anything on the road.‚Ä¶ https://t.co/oTC1vQxIXq
Sun Dec 03 12:02:26 +0000 2017,Original Tesla Roadster Is Going To Be Out Of This World ‚Ä¶ Literally! https://t.co/hbOC0lzMPh
Sun Dec 03 11:23:20 +0000 2017,#Tesla has a lot to live up to. Maybe it's a good company but a bad stock? JPMorgan has a new short idea: Tesla sha‚Ä¶ https://t.co/KFEj0pN5bz
Sun Dec 03 11:09:05 +0000 2017,There's a simple reason why Elon Musk always talks down the price of Tesla stock (TSLA) https://t.co/wbDBbnXNtL‚Ä¶ https://t.co/o8YNHYbx1X
Sun Dec 03 10:05:36 +0000 2017,RT @evannex_com: One prominent investor thinks #Tesla stock can rise like Amazon read here: https://t.co/c0IvBYl72D $TSLA #TeslaMotors #El‚Ä¶
Sun Dec 03 09:43:39 +0000 2017,@hoonable It looks like a rumor especially with that unrelated image thrown in. When Porsche bought three Nissan G‚Ä¶ https://t.co/jh2s1WUNoW
Sun Dec 03 08:18:00 +0000 2017,Chinas Tencent is quietly surrounding US tech giants with Trojan horse investments https://t.co/rQgXv7sMJK https://t.co/CRURK9lR1c
Sun Dec 03 07:52:55 +0000 2017,China‚Äôs Tencent is quietly surrounding US tech giants with Trojan horse investments... https://t.co/1QTIhjYvZv
Sun Dec 03 06:56:22 +0000 2017,Tesla isn't the only company creating cool electric vehicles anymore - Washington Post https://t.co/vxmPSEklXj
Sun Dec 03 06:38:13 +0000 2017,Pony Ma's company Tencent has moved with the stealth of its founder this year making a series of #investments.. https://t.co/qtSDPcIPns
Sun Dec 03 06:28:58 +0000 2017,Tencent is quickly becoming a competitor in the US market - #wechat #china https://t.co/xzYjGncURd
Sun Dec 03 05:19:17 +0000 2017,@joshdk35 @FoxNews I‚Äôm not a financial advisor so don‚Äôt listen to@me lol. Just a disclaimer. I need to get rid of T‚Ä¶ https://t.co/koQIYpFQ5V
Sun Dec 03 05:19:15 +0000 2017,RT @CNBCtech: Tencent's investments are all seen as contenders against Facebook Apple Amazon and Google https://t.co/waNRSMljrP
Sun Dec 03 05:10:17 +0000 2017,RT @moueller1961: #CHINA #TECHNOLOGY #INVESTMENT #INNOVATION:Tencent made series of significant investments in Western cos #thisyear **As 2‚Ä¶
Sun Dec 03 05:09:56 +0000 2017,#CHINA #TECHNOLOGY #INVESTMENT #INNOVATION:Tencent made series of significant investments in Western cos #thisyear‚Ä¶ https://t.co/fRvvCFrq6Z
Sun Dec 03 04:32:32 +0000 2017,Is Tesla Stock a Good Investment? https://t.co/Y5cpVcX1mR #tesla
Sun Dec 03 04:30:14 +0000 2017,@simpleplan yeah hold on to that BlackBerry Stock And palm Stock with Teslayou‚Äôre going to be richI just proved to you this company sucks
Sun Dec 03 03:52:45 +0000 2017,RT @Lauro_Juca: @elonmusk imagine that the energy stations wold be another business with their own stock of batteries bought from Tesla and‚Ä¶
Sun Dec 03 03:02:05 +0000 2017,RT @elonmusk: I should clarify: Tesla stock is obviously high based on past &amp; present but low if you believe in Tesla's future. Place bets‚Ä¶
Sun Dec 03 03:00:24 +0000 2017,RT @LordDzakpasu: Retweeted Elon Musk (@elonmusk):  I should clarify: Tesla stock is obviously high based on past &amp; present but low... htt‚Ä¶
Sun Dec 03 02:20:16 +0000 2017,RT @themarcusrosner: Bought Tesla stock yesterday in anticipation of Elon delivering something exciting tonight and he did not disappoint.‚Ä¶
Sun Dec 03 02:00:15 +0000 2017,China's Tencent is quietly surrounding US tech giants with Trojan horse investments - https://t.co/4vGTtCNDX1
Sun Dec 03 01:11:46 +0000 2017,China's Tencent is quietly surrounding US tech giants with Trojan horse investments.. https://t.co/4oMbutm7vM
Sun Dec 03 01:02:53 +0000 2017,China's Tencent is quietly surrounding US tech giants with Trojan horse investments https://t.co/yVTQO5fiXx via @CNBC
Sun Dec 03 00:38:34 +0000 2017,Tencent's investments are all seen as contenders against Facebook Apple Amazon and Google https://t.co/Vz1fFmyaqA
Sun Dec 03 00:07:28 +0000 2017,Tesla: Model 3 Could Put Elon Musk Out of Business Hedge Fund Warns https://t.co/k7QmN6RAya
Sun Dec 03 00:00:42 +0000 2017,RT @emilia_suze: Inflated stock built entirely from government subisides? This is the Green Revolution laid bare!!  @gmbutts @CathMckenna @‚Ä¶
Sat Dec 02 23:53:09 +0000 2017,New post: "China's Tencent is quietly surrounding US tech giants with Trojan horse investments" https://t.co/hmf1H9jvrc
Sat Dec 02 23:43:11 +0000 2017,RT @aminorjourney: To clear up some allegations flying around.   1) I am not being paid by oil companies to diss Tesla.  2) I am not connec‚Ä¶
Sat Dec 02 23:41:33 +0000 2017,#TENCENT will be a big #competitive force to US rivals as it makes acquisitions to strengthen its elements to succ‚Ä¶ https://t.co/6anOGDGbgW
Sat Dec 02 23:30:57 +0000 2017,@elonmusk What adaptations if any would a stock Tesla vehicle need for driving on the Martian surface? (assuming‚Ä¶ https://t.co/N6nS803bmH
Sat Dec 02 22:55:02 +0000 2017,@DavidDobrik make a TOO video about what you could buy with your current @Tesla stock loss. Get crazy. Like ‚Äú1200 l‚Ä¶ https://t.co/TE8RH5ONxb
Sat Dec 02 22:51:09 +0000 2017,Tencent-Spotify stock swap follows investments in Tesla Snap and more - https://t.co/QomNgR93ld #LatestComments
Sat Dec 02 22:30:28 +0000 2017,Eric Branderiz Sells 1736 Shares of Tesla Inc $TSLA Stock https://t.co/5P2RuqXmcN
Sat Dec 02 22:17:18 +0000 2017,In danger?   It's gone.   This might help sales in the next couple of week as rich white folks rush to get the Tesl‚Ä¶ https://t.co/frJO41P505
Sat Dec 02 21:47:38 +0000 2017,Tencent-Spotify stock swap follows investments in Tesla Snap and more ‚Äì News by Automobilnews.eu https://t.co/WvecsHV8S2
Sat Dec 02 21:35:52 +0000 2017,Just bought some Tesla stock yall better learn the stock trade.
Sat Dec 02 21:24:42 +0000 2017,Tencent-Spotify stock swap follows investments ...  https://t.co/gnTppkl61L  #political #US #UK #NEWS #UK #diplomacy #UnitedStates #USA
Sat Dec 02 21:08:19 +0000 2017,China's Tencent is quietly surrounding US tech giants with Trojan horse investments - CNBC #funding ‚òÑ #vrai777 ‚õ± $v‚Ä¶ https://t.co/fOUF7RLQeC
Sat Dec 02 21:02:48 +0000 2017,Tesla stock is obviously high based on their booster.
Sat Dec 02 20:46:24 +0000 2017,This made my day.  For some reason people were led to believe that Tesla products were more efficient (ie lower ent‚Ä¶ https://t.co/VJ3nKq1A9v
Sat Dec 02 20:46:19 +0000 2017,Tesla Going At 'Warp Speed' But Lags In Race To Produce Mass Market Electric Cars - NPR https://t.co/bjsP9kqWg4
Sat Dec 02 20:25:45 +0000 2017,Tencent-Spotify stock swap follows investments in Tesla Snap and more... (https://t.co/jhcoe3BZDc)
