Sun Dec 03 18:01:40 +0000 2017,@elonmusk Mr Musk going Private is Big mistake you will lose your Base! Public Stock is Your Advertising as people‚Ä¶ https://t.co/CIE9MENVHq
Wed Nov 29 20:43:11 +0000 2017,(3) my jaw dropped I wanted too. I had the money not much but what i was willing to lose to be a proud TESLA sto‚Ä¶ https://t.co/uSgMIpowUX
Tue Nov 28 23:53:56 +0000 2017,@RookwoodAmbrose @BLKROCKET @BillGates @Tesla This WAS our new stock/news ticker before dumbass cloned the bots for‚Ä¶ https://t.co/SqI1RAc2s5
Wed Dec 06 14:44:25 +0000 2017,Tesla Finally Lands Win In Ongoing Direct-Sales Battle https://t.co/2UBIb1dP46
Wed Dec 06 11:56:16 +0000 2017,Missouri Appeals Court Hands Win To Electric Car Maker Tesla - Kcur - KCUR https://t.co/JpwhYnQRzR
Tue Dec 05 23:26:18 +0000 2017,Missouri Appeals Court Hands Win To Electric Car Maker Tesla - KCUR https://t.co/ZfrDg404Fc
Tue Dec 05 21:33:05 +0000 2017,Regardless of my opinion of $TSLA stock this is a good fight and a good win.  Tesla wins legal battle over Missour‚Ä¶ https://t.co/C8UhnNLkKO
Fri Dec 01 18:45:49 +0000 2017,@nikitabier We‚Äôll see. Tesla stands on its own in my mind and is a stupid stock to buy into right now. I think GM i‚Ä¶ https://t.co/CF6rsTPo3q
Thu Nov 30 18:39:12 +0000 2017,@elonmusk Tesla is the great stock. Short always win
Fri Dec 08 04:48:04 +0000 2017,@elonmusk Could we attempt to get the tesla stock price up please .
Fri Dec 08 03:26:11 +0000 2017,@stockpile hi guys I signed up after seeing a promo offering $5 in Tesla stock but can‚Äôt figure out how to get it with the app. Any ideas?
Thu Dec 07 23:27:44 +0000 2017,@DavidDobrik hey Man remember how you put $1 mil into Tesla stock? Did you end up throwing some money into bitcoin?
Thu Dec 07 08:00:57 +0000 2017,TESLA STOCK... ON IT‚ÄôS WAY UP TO MARS? https://t.co/xGyqOr9AWi
Thu Dec 07 01:56:31 +0000 2017,Tesla's stock is up 3.15% to 313.26 #Tesla #Tech #Cars #SmartTech
Wed Dec 06 16:38:24 +0000 2017,https://t.co/1oLpiQvbVK  Tesla +up 4 Points!
Wed Dec 06 15:33:03 +0000 2017,@BerkeleyJr Hey Cramer I bet you said the same thing about the internet when it first came online. Wake up new tec‚Ä¶ https://t.co/PVTSaYZ3Jy
Wed Dec 06 15:20:09 +0000 2017,WHO DOESN‚ÄôT LIKE A GOOD JOKE? Model 3 demand coming down? 400000 sold before it was even built. Take that GM. Take‚Ä¶ https://t.co/GfPwOTfybC
Wed Dec 06 13:26:32 +0000 2017,@Margare30926081 Bagholders picked up $1.12 million in Tesla stock...
Wed Dec 06 12:11:58 +0000 2017,@izakaminska Adam Jonas is so insufferable. Michael Lewitt has a good write up here: https://t.co/6CUWWYh6vc.   Sti‚Ä¶ https://t.co/7RLf1EvAcH
Wed Dec 06 08:46:13 +0000 2017,Elon Musk sending a Tesla to Mars is all about getting that stock price up.. #Auspol
Tue Dec 05 04:09:14 +0000 2017,RT @SnShines: @elonmusk You are trying every trick in the book but still @Tesla stock price is not soaring. Guess market is catching up wi‚Ä¶
Tue Dec 05 02:07:10 +0000 2017,yet people buying up @Tesla stock at values that price in them as the only game in town. https://t.co/zzDEo0qjcN
Mon Dec 04 23:01:55 +0000 2017,@elonmusk How about teaming up with a Game franchise like Forza Motorsport and convert a Tesla to a real world sim‚Ä¶ https://t.co/LloNvMlhWY
Mon Dec 04 19:48:05 +0000 2017,TESLA stock rally coming up? https://t.co/y9gXeoD6e7
Mon Dec 04 17:20:21 +0000 2017,@davebudge The stock price is another beast and I‚Äôd accept arguments in either direction. Fact is though tesla owns‚Ä¶ https://t.co/wbYd4yAWC7
Mon Dec 04 10:26:40 +0000 2017,RT @SoniaKris13: @USSupremeCourt You already know been tweeting for over a year. YOU know WE can CRASH US Stock market done that MANY times‚Ä¶
Mon Dec 04 10:26:34 +0000 2017,@USSupremeCourt You already know been tweeting for over a year. YOU know WE can CRASH US Stock market done that MAN‚Ä¶ https://t.co/TuYZJg8AgL
Mon Dec 04 05:05:59 +0000 2017,RT @TitusNation: Not according to the Supreme Court. Energy Independence? Like wind solar? My Tesla will dust anything on the road. Sell t‚Ä¶
Sun Dec 03 21:35:10 +0000 2017,@TrapBasquiat Look up the stock Tesla on YouTube smoke all kinds of whips. The love it real
Sun Dec 03 13:37:17 +0000 2017,Not according to the Supreme Court. Energy Independence? Like wind solar? My Tesla will dust anything on the road.‚Ä¶ https://t.co/oTC1vQxIXq
Sun Dec 03 11:23:20 +0000 2017,#Tesla has a lot to live up to. Maybe it's a good company but a bad stock? JPMorgan has a new short idea: Tesla sha‚Ä¶ https://t.co/KFEj0pN5bz
Sat Dec 02 23:43:11 +0000 2017,RT @aminorjourney: To clear up some allegations flying around.   1) I am not being paid by oil companies to diss Tesla.  2) I am not connec‚Ä¶
Sat Dec 02 19:13:14 +0000 2017,To clear up some allegations flying around.   1) I am not being paid by oil companies to diss Tesla.  2) I am not c‚Ä¶ https://t.co/QneYg1YJ3Z
Sat Dec 02 17:21:33 +0000 2017,@Savage_Ash101 @Simbuilder lol buffed up tesla model s lost to a stock camaro but i finna beat him when i pulled out my roadster
Fri Dec 01 22:52:12 +0000 2017,@OptionsAction will tesla stock ventrally go back up if so  I sell a put what is the best strategy  THXüòÄ
Fri Dec 01 16:49:28 +0000 2017,RT @hoonable: First set of Model 3 wheels and tires is up on eBay for $2800.  18x8.5 +40MM  offset Made in Mexico  https://t.co/lzUlOoLbUB‚Ä¶
Fri Dec 01 15:57:07 +0000 2017,Tesla‚Äôs shareholders think electric cars are coming and they are going to result in a cash bonanza specifically fo‚Ä¶ https://t.co/VMUFV0MTiM
Fri Dec 01 06:57:02 +0000 2017,Tesla switches on giant battery to shore up Australias grid #free #stock #market #news https://t.co/uOLTkk6lgK https://t.co/m5iIdJSsIo
Fri Dec 01 02:16:10 +0000 2017,Man I love the feeling of my @Tesla stock continuing to go up https://t.co/DewHgPiHu8
Fri Dec 01 00:19:54 +0000 2017,First set of Model 3 wheels and tires is up on eBay for $2800.  18x8.5 +40MM  offset Made in Mexico‚Ä¶ https://t.co/MjefZfGfsJ
Thu Nov 30 22:35:21 +0000 2017,@Tesla‚Äôs stock went up to 308.85. That‚Äôs +.43% for yesterday. That‚Äôs still a $16+ loss per share. Approximately a $‚Ä¶ https://t.co/w6VG4Z8Pdl
Thu Nov 30 16:51:21 +0000 2017,@elonmusk Any update on zone 2 progress? The market needs info before any financing is needed. Right now 3.5 Billio‚Ä¶ https://t.co/KXBZAvnyJK
Thu Nov 30 15:58:40 +0000 2017,Tesla Model 3 Surprisingly Shows Up At LA Auto Show https://t.co/4UISUS7OuG
Thu Nov 30 03:30:05 +0000 2017,@elonmusk You are trying every trick in the book but still @Tesla stock price is not soaring. Guess market is catching up with the reality.
Wed Nov 29 17:36:32 +0000 2017,@elonmusk @ThisIsSandeepG What's up with thenews on Model3 production?TESLA stock down drastically.Heard your sacrificing quality for speed?
Wed Nov 29 08:55:31 +0000 2017,HOW TESLA VEHICLE DELIVERIES MEASURE UP WITH THE BIG 3!!! Currently Stock price GM = 44.92 Fiat Chrysler = 17.31 Fo‚Ä¶ https://t.co/NemiqcxRis
Tue Nov 28 23:31:22 +0000 2017,@HybridRevenant Ya well I‚Äôm normally the one that makes those tricks! *Tesla smiles up at him before turning her b‚Ä¶ https://t.co/hOcrJM61q4
Tue Nov 28 09:38:45 +0000 2017,JPMORGAN: It's time for Tesla to live up to its Model 3 promises (TSLA) #model https://t.co/0XyWpbuL4c - get qualit‚Ä¶ https://t.co/d2vMjyAT9U
Tue Nov 28 06:47:16 +0000 2017,JPMORGAN: It's time for Tesla to live up to its Model 3 promises (TSLA) #model https://t.co/e3Wa5aa72k - Learn More‚Ä¶ https://t.co/FLhlJc4bNN
Fri Dec 08 07:38:01 +0000 2017,RT @MebFaber: A reminder to investors everywhere...not having an opinion or position is fine too.   Applies to Tesla stock house fixer upp‚Ä¶
Thu Dec 07 16:57:18 +0000 2017,A reminder to investors everywhere...not having an opinion or position is fine too.   Applies to Tesla stock house‚Ä¶ https://t.co/AoZT0Mh3X6
Thu Dec 07 16:18:11 +0000 2017,RT @THESTOCKER: $TSLA when a stock stops going down even on a downgrade it won‚Äôt go red your best bet is to Buy Buy Buy !  #trading #tesla‚Ä¶
Thu Dec 07 15:05:45 +0000 2017,$TSLA when a stock stops going down even on a downgrade it won‚Äôt go red your best bet is to Buy Buy Buy !  #trading‚Ä¶ https://t.co/WRhHV8fOfa
Wed Dec 06 19:18:25 +0000 2017,$FB Stocks Reverse; FANGs Rise J&amp;J Lifts Dow This Drone Maker Spikes https://t.co/PNGCfJnyQZ
Wed Dec 06 18:59:00 +0000 2017,Stock Futures Down; Chip Stocks FANGs Weaken; Tesla Rated 'Sell' | Stock News &amp; Stock Market Analysis - IBD https://t.co/UIEL7MdqXS
Wed Dec 06 17:15:54 +0000 2017,Stock Futures Down; Chip Stocks FANGs Weaken; Drone Maker Spikes https://t.co/zCuDk1JBXj
Wed Dec 06 15:57:25 +0000 2017,Stock Futures Down; Chip Stocks FANGs Weaken; Tesla Rated 'Sell' https://t.co/6DIHM5PfcS
Wed Dec 06 14:43:05 +0000 2017,Stock Futures Down; Chip Stocks FANGs Weaken; Tesla Rated 'Sell' - https://t.co/LjqJSMYpoW #stock #news https://t.co/TrDC8q5p9N
Wed Dec 06 14:16:02 +0000 2017,RT @IBDinvestors: Stock Futures Down; Chip Stocks FANGs Weaken https://t.co/3O4emOfDuo https://t.co/kWhZ8zzgAT
Wed Dec 06 13:40:23 +0000 2017,Choppy markets. Why we've been cautious. #stocks https://t.co/qFLBiO3kwx
Wed Dec 06 13:34:55 +0000 2017,Stock Futures Down; Chip Stocks FANGs Weaken https://t.co/BiiQ9B48Ti via @IBDinvestors
Wed Dec 06 13:33:24 +0000 2017,IBDinvestors: Stock Futures Down; Chip Stocks FANGs Weaken https://t.co/ofiAm42Vld https://t.co/LC01eP6zSF
Wed Dec 06 13:31:06 +0000 2017,Stock Futures Down; Chip Stocks FANGs Weaken https://t.co/3O4emOfDuo https://t.co/kWhZ8zzgAT
Tue Dec 05 19:32:47 +0000 2017,@CNBC @FoxBusiness and the other Wall Street BIG OIL Puppets trying to drive @TESLA shares down with negative propa‚Ä¶ https://t.co/fqqpAey0CU
Sun Dec 03 11:09:05 +0000 2017,There's a simple reason why Elon Musk always talks down the price of Tesla stock (TSLA) https://t.co/wbDBbnXNtL‚Ä¶ https://t.co/o8YNHYbx1X
Sat Dec 02 18:01:21 +0000 2017,Is Tesla Stock As Good A Buy As A Tesla Car? - To improve your life sit down and think of what is the one single m‚Ä¶ https://t.co/kEoUVe7seo
Sat Dec 02 04:50:12 +0000 2017,@ElectrekCo Aaaaawww I‚Äôm going to miss all the short sellers talking crap about how Tesla is so horrible they won‚Äôt‚Ä¶ https://t.co/kVjtga2t8G
Fri Dec 01 13:14:18 +0000 2017,$Tesla longs are gonna ride that stock price all the way down to $195 ... Their truly dedicated
Wed Nov 29 22:25:45 +0000 2017,@hopedoty Solar City just merged with Tesla (via a terrible stock scheme) it's Pyramid Schemes and Boondoggles all‚Ä¶ https://t.co/Dlmni3z4gK
Wed Nov 29 18:01:28 +0000 2017,@Tesla‚Äôs stock is currently down to 306.50 üò± Right now @DavidDobrik is -19.05 per share. Hopefully the stock rises‚Ä¶ https://t.co/4XeReePpAt
Wed Nov 29 17:24:40 +0000 2017,FANG stocks down 5% luckily Elon has another 2 cars and 3 trucks to pull out of his hat to support stock price üòâ #Tesla cc @markbspiegel
Wed Nov 29 16:07:21 +0000 2017,Tesla stock is down $12 somebody release an article ASAP!!!! https://t.co/hYKH0zcFaK
Fri Dec 08 05:03:03 +0000 2017,How long until Tesla stock crashes? https://t.co/2WhwTO2daj
Fri Dec 08 04:31:34 +0000 2017,@elonmusk Everything you do is so cool! Any plans for the SpaceX IPO? I have Tesla stock would love to get SpaceX as well.
Fri Dec 08 04:03:53 +0000 2017,Amazon Apple Tesla stock
Fri Dec 08 03:19:25 +0000 2017,so nobody tryna trade a @Tesla stock for a bitcoin stock üôÑ iÔ∏è got 6 tesla shares we can work something out... SOMEBODY HELP ME
Fri Dec 08 02:46:30 +0000 2017,@VW Don't bother offering different trim options for the 2018 Atlas if dealerships aren't going to stock them. "Sol‚Ä¶ https://t.co/Sgt0wypgam
Fri Dec 08 02:42:21 +0000 2017,RT @markbspiegel: Once again the $TSLA Chief Accounting Officer (a/k/a "Man Who Knows Where The Bodies Are Buried") immediately dumps a chu‚Ä¶
Fri Dec 08 02:30:14 +0000 2017,üåà‚ö°Ô∏èüöÄ@Tesla   Sells  it self Buy cars trucks&amp; cars &amp;  stock‚ö°Ô∏èüåà  @elonmusk
Fri Dec 08 02:09:42 +0000 2017,Insider Selling: Tesla Inc $TSLA VP Sells 1229 Shares of Stock https://t.co/BT1FwKpqpM
Fri Dec 08 01:29:22 +0000 2017,@Archetapp It‚Äôs not to law recently bought some bitcoin and stock in OLED and Tesla!
Fri Dec 08 00:39:41 +0000 2017,Once again the $TSLA Chief Accounting Officer (a/k/a "Man Who Knows Where The Bodies Are Buried") immediately dumps‚Ä¶ https://t.co/izj6G3nA7m
Fri Dec 08 00:37:20 +0000 2017,RT @Options: $TSLA Tesla stock downgraded to sell on signs Model 3 demand is starting to flag  https://t.co/gKL0GEZyUY
Thu Dec 07 23:48:56 +0000 2017,Tesla stock falls over Model 3 delays and biggest-ever quarterly loss  https://t.co/sg9Imwbs8s #technology #Growth https://t.co/F0Oh2zcpW0
Thu Dec 07 23:46:28 +0000 2017,$TSLA New SEC Document(s) for Tesla Inc. From our Stock News Alerts App
Thu Dec 07 23:18:31 +0000 2017,Ceddi Tesla Says... "DJ'ing is My First Love but the Stock Market is the Backbone to me https://t.co/St0IOX6vxV https://t.co/XXNg4NpQn9
Thu Dec 07 22:37:23 +0000 2017,RT @68DodgeCoronet: Tesla is rising after Anheuser-Busch places an order for 40 electric semis (TSLA BUD) -  https://t.co/6nmnq1Oeov
Thu Dec 07 22:34:55 +0000 2017,RT @SAI: Tesla is rising after Anheuser-Busch places an order for 40 electric semis https://t.co/1h8MP8x36E https://t.co/amtqsACSbb
Thu Dec 07 22:20:01 +0000 2017,"Anheuser-Busch orders 40 Tesla electric trucks https://t.co/1zIPWSm7Bx via @PostDispatchbiz" However @abinbev cou‚Ä¶ https://t.co/grUxmhTiTY
Thu Dec 07 22:00:45 +0000 2017,#Tesla is rising after Anheuser-Busch places an order for 40 electric semis (TSLA BUD) https://t.co/DXvb895oVb
Thu Dec 07 21:41:06 +0000 2017,#Tesla is rising after Anheuser-Busch places an order for 40 electric semis ( $TSLA  $BUD ) -  https://t.co/6E9cM6e0yH
Thu Dec 07 21:39:29 +0000 2017,Tesla is rising after Anheuser-Busch places an order for 40 electric semis (TSLA BUD) -  https://t.co/6nmnq1Oeov
Thu Dec 07 21:38:43 +0000 2017,Predictions that require no analysis to generate:  A black swan event will destroy the stock market A black swan ev‚Ä¶ https://t.co/VpbAXunbt2
Thu Dec 07 21:38:03 +0000 2017,RT @antvlo: #China's  #Tencent is quietly surrounding US tech giants with Trojan horse  #investments https://t.co/mvZsGk3r1V  #CresseyINTL‚Ä¶
Thu Dec 07 21:37:47 +0000 2017,RT @ADMAN348: @alexlewit @Tesla @BMW @VW Anyone on a decent cobalt stock looks good! üí∞üí∞ $AUZ my pick. https://t.co/G4ju476QsO
Thu Dec 07 21:31:10 +0000 2017,I liked a @YouTube video https://t.co/vIvGYvgdCJ FOOD TALK: TESLA STOCK OR GUAC??!!! (Golf with YOUR Friends)
Thu Dec 07 20:39:24 +0000 2017,Tesla stock downgraded to sell on signs Model 3 demand is starting to flag https://t.co/Yq8W8YrBi8 $TSLA
Thu Dec 07 20:36:48 +0000 2017,Is funny the people that mock BTC are probably the same people that buy Tesla stock.
Thu Dec 07 19:58:16 +0000 2017,RT @LaMonicaBuzz: Tesla has been a hot stock this year but it's cooled off a bit lately. Morgan Stanley wonders if @elonmusk should conside‚Ä¶
Thu Dec 07 19:56:09 +0000 2017,@MorganStanley Buying tesla stock now
Thu Dec 07 19:52:55 +0000 2017,Tesla is rising after Anheuser-Busch places an order for 40 electric semis - https://t.co/DA2bPCqtdc via https://t.co/PSJJSOLfmD
Thu Dec 07 19:18:15 +0000 2017,#Stocks #Investment https://t.co/hCwzJAjZ2v Is Tesla Inc Stock About to Crack and Plunge Lower?‚Ä¶ https://t.co/aTSBnU1g5b
Thu Dec 07 19:17:52 +0000 2017,crypto currency is still like quantum physics 2 me. I gotta re- read/watch /ask same questions/ think all the time.‚Ä¶ https://t.co/2w31X56KN6
Thu Dec 07 19:14:02 +0000 2017,Tesla is rising after Anheuser-Busch places an order for 40 electric semis (TSLA BUD) https://t.co/tTIQDWe8MF
Thu Dec 07 18:20:20 +0000 2017,If Tesla Can Achieve Specs And Price The Tesla Semi Will Eclipse Diesel https://t.co/zmguhYMpgW
Thu Dec 07 18:18:09 +0000 2017,@Reuters Daimler stock has risen as Tesla is about to take over trucking. Anything kills a disruptor's stock. The market is a Ponzi scheme.
Thu Dec 07 18:09:40 +0000 2017,@Ferrari_Peta @ForzaMotorsport New M5 Tesla's Ferrari 812 SF Huracan Performante FXX 675LT 720S Chiron Ager‚Ä¶ https://t.co/2cARKmADME
Thu Dec 07 17:44:59 +0000 2017,RT @teslaliving: $TSLA current stock price: $315.65. #Tesla #TeslaStock #bot https://t.co/N3GD64Vthe
Thu Dec 07 17:38:38 +0000 2017,Closeup Of Tesla Coil With Electric Pulses Stock Photo | Getty Images https://t.co/qoxDqjtDfH
Thu Dec 07 17:30:02 +0000 2017,$TSLA current stock price: $315.65. #Tesla #TeslaStock #bot https://t.co/N3GD64Vthe
Thu Dec 07 17:23:07 +0000 2017,#China's  #Tencent is quietly surrounding US tech giants with Trojan horse  #investments https://t.co/mvZsGk3r1V‚Ä¶ https://t.co/6wSxmOAEAQ
Thu Dec 07 17:21:53 +0000 2017,RT @Business_Corpus: Tesla is rising after Anheuser-Busch places an order for 40 electric semis (TSLA BUD‚Ä¶ https://t.co/dKo7WT8My4
Thu Dec 07 17:20:41 +0000 2017,@hussmanjp @CEHmbs I can see it now...‚Äùanalysts raise Tesla price tgts on crypto currency mining energy source ‚Äú...‚Ä¶ https://t.co/7gF2MeOgi3
Thu Dec 07 17:17:14 +0000 2017,Tesla is rising after Anheuser-Busch places an order for 40 electric semis (TSLA BUD‚Ä¶ https://t.co/dKo7WT8My4
Thu Dec 07 17:17:01 +0000 2017,Tesla is rising after Anheuser-Busch places an order for 40 electric semis (TSLA BUD): Tesla just got i.. #tech https://t.co/4dxiCmepq1
Thu Dec 07 17:14:55 +0000 2017,Tesla stock downgraded to SELL on signs Model 3 demand is starting to flaghttps://t.co/JC8aIn1nng
Thu Dec 07 16:59:05 +0000 2017,$TSLA $GM:  Is Tesla Inc Stock About to Crack and Plunge Lower?:  https://t.co/YJ9i6XLDTD
Thu Dec 07 16:58:23 +0000 2017,China's Tencent is quietly surrounding US tech giants with Trojan horse investments https://t.co/hnn5UuHB04
Thu Dec 07 16:56:12 +0000 2017,Just sold half of my Tesla stock and invested in Bitcoin #Winning #FutureMillionaire
Thu Dec 07 16:46:14 +0000 2017,#Business  Tesla is rising after Anheuser-Busch places an order for 40 electric semis‚Ä¶ https://t.co/aw6us2vdzP
Thu Dec 07 16:45:15 +0000 2017,Tesla is selling $2 billion in stock to make the Model 3 https://t.co/oe3TdVILmz
Thu Dec 07 16:40:02 +0000 2017,RT @WorldUSNews: https://t.co/GDUj9ioyzB Tesla is rising after Anheuser-Busch places an order for 40 electric semis (TSLA BUD)
Thu Dec 07 16:35:13 +0000 2017,10 Things To Know. Tesla is rising after Anheuser-Busch places an order for 40 electric semis (TSLA BUD) https://t.co/Mg3rhSbxKF
Thu Dec 07 16:34:24 +0000 2017,Tesla is rising after Anheuser-Busch places an order for 40 electric semis (TSLA BUD): https://t.co/eg5TwNOyeI
Thu Dec 07 16:33:04 +0000 2017,Tesla is rising after Anheuser-Busch places an order for 40 electric semis (TSLA BUD) https://t.co/8lMJzKhOJK Seth Archer
Thu Dec 07 16:32:18 +0000 2017,New post: "Tesla is rising after Anheuser-Busch places an order for 40 electric semis (TSLA BUD)" https://t.co/zCFDF6V2BX
Thu Dec 07 16:32:09 +0000 2017,Tesla is rising after Anheuser-Busch places an order for 40 electric semis (TSLA BUD) https://t.co/j9WZWv9n6z johnangel1977
Thu Dec 07 16:30:15 +0000 2017,#Stocks #Investment Business Insider Tesla is rising after Anheuser-Busch places an order for 40 electric semis Bus‚Ä¶ https://t.co/3xUlahskrY
Thu Dec 07 16:26:20 +0000 2017,"Tesla is rising after Anheuser-Busch places an order for 40 electric semis (TSLA BUD)" https://t.co/d5shsNGgE8
Thu Dec 07 16:21:23 +0000 2017,Tesla is rising after Anheuser-Busch places an order for 40 electric semis   https://t.co/dNDP5KDmAa https://t.co/xwZzjJEslZ
Thu Dec 07 16:14:08 +0000 2017,Tesla is rising after Anheuser-Busch places an order for 40 electric semis https://t.co/BmNBsA3Aj9 via @themoneygame
Thu Dec 07 16:13:11 +0000 2017,businessinsider: Tesla is rising after Anheuser-Busch places an order for 40 electric semis https://t.co/KyWqVhNCKm https://t.co/aQqSFiKDQ2
Thu Dec 07 16:12:23 +0000 2017,"Tesla is rising after Anheuser-Busch places an order for 40 electric semis https://t.co/EbShCCdEkb‚Ä¶ https://t.co/D60eY2ercc
Thu Dec 07 16:12:14 +0000 2017,clusterstock: Tesla is rising after Anheuser-Busch places an order for 40 electric semis https://t.co/JQhqJ661RC https://t.co/S8P6Q9wchq
Thu Dec 07 16:10:36 +0000 2017,SAI: Tesla is rising after Anheuser-Busch places an order for 40 electric semis https://t.co/BVOTSDTFMz https://t.co/AQYhtViYNp
Thu Dec 07 16:10:31 +0000 2017,#Tesla is rising after Anheuser-Busch places an order for 40 electric semis https://t.co/qxgNtPLO5U
Thu Dec 07 16:10:28 +0000 2017,$V #SAI:Tesla is rising after Anheuser-Busch places an order for 40 electric semis https://t.co/te8uPcX7XO https://t.co/bo0YCei4Wf
Thu Dec 07 16:00:44 +0000 2017,Reuters Says Tesla Model S X Are Often Flawed Update: Tesla Responds https://t.co/HyCCN1t8sQ
Thu Dec 07 14:47:52 +0000 2017,Tesla stock downgraded to sell by 1 brokerage firm on signs Model 3 demand is starting to flag https://t.co/OwcoKA3JbF $TSLA
Thu Dec 07 14:15:41 +0000 2017,Tesla stock downgraded to sell on signs Model 3 demand is starting to flag https://t.co/e9glHUhZ6f
Thu Dec 07 14:13:23 +0000 2017,All-Tech Investing: The 31 Best Stocks to Buy for 2018 Instead of Apple or Tesla - https://t.co/7KdjEVwIWn #stock‚Ä¶ https://t.co/SZWRq10dq8
Thu Dec 07 13:55:41 +0000 2017,@markbspiegel I am tempted to do a TED Talk that juxtaposes a Tesla stock chart and your tweets. It will be titled: Egos Kill.
Thu Dec 07 13:47:11 +0000 2017,#Tesla starting regular customer #Model3 deliveries next week. Buy #Tsla stock before it is too late :) #Bitcoin
Thu Dec 07 13:41:41 +0000 2017,RT @THESTOCKER: $TSLA like it or not money has to go into #tesla from now into year end it‚Äôs the only Tec #stock left with the most upside‚Ä¶
Thu Dec 07 13:36:06 +0000 2017,As General Electric Co (GE) Stock Price Declined Holder Pinnacle Associates LTD Lowered Its ... https://t.co/lOTjPSvOyz
Thu Dec 07 13:30:35 +0000 2017,Tesla Model 3 Non-Employee Deliveries To Start Next Week https://t.co/WTIVf6mQ26
Thu Dec 07 13:22:15 +0000 2017,@pytop12 Tesla will be a penny stock by then
Thu Dec 07 13:07:57 +0000 2017,@missyerin1227 @WSJ Yea the Tesla stock is brawling baby girl
Thu Dec 07 12:35:34 +0000 2017,22 Minutes Spent Reviewing Tesla Model 3 Touch Screen ‚Äì Video https://t.co/1KyGv2ygEs
Thu Dec 07 12:34:13 +0000 2017,$TSLA Tesla stock downgraded to sell on signs Model 3 demand is starting to flag  https://t.co/gKL0GEZyUY
Thu Dec 07 12:20:19 +0000 2017,Tesla stock downgraded to sell on signs Model 3 demand is starting to flag https://t.co/yRmAdcJ7OP Cascend Securiti‚Ä¶ https://t.co/JtaUAzjUNz
Thu Dec 07 12:16:58 +0000 2017,#marketwatch Tesla stock downgraded to sell on signs Model 3 demand is starting to flag - Cascend Securities says n‚Ä¶ https://t.co/zSs9MLTiDT
Thu Dec 07 11:56:25 +0000 2017,Tesla Mtrs $TSLA Stake Has Upped by Jasper Ridge Partners Lp https://t.co/eTJ4EV4xUo
Thu Dec 07 11:08:40 +0000 2017,RT @VOAStevenson: China's Tencent is quietly surrounding US tech giants with Trojan horse investments  https://t.co/idOAtQ5C2J @cnbc
Thu Dec 07 10:49:22 +0000 2017,RT @wolfejosh: Upping my odds to 60% of SpaceX Tesla merger (sooner of 2 years or when Tesla stock falls significantly)  WHY?  1 Complete c‚Ä¶
Thu Dec 07 10:27:01 +0000 2017,Turner Investments LLC Purchases New Stake in Tesla Inc (TSLA) - https://t.co/kmC3YWHEeH via https://t.co/PSJJSOLfmD
Thu Dec 07 10:23:26 +0000 2017,SpaceX Is Just the Thing to Help Tesla Inc (TSLA) Stock | Stock Market News | US News https://t.co/6wqkCSUQin
Thu Dec 07 09:52:51 +0000 2017,@talesftf I'm still baffled about what happened yesterday with the Tesla stock. Did it really move because somebody‚Ä¶ https://t.co/gepn3QXj6M
Thu Dec 07 09:31:13 +0000 2017,https://t.co/8L9vOk4KGL  btw I couldn't find Duracell AA batteries on Amazon yesterday. out of stock out of stock. I was surprised. hmm.
Thu Dec 07 09:18:06 +0000 2017,RT @scanova: US STOCK MARKET: A TESLA-LED CAR CRASH IS COMING https://t.co/8sy9lcWiWr via @therealslog
Thu Dec 07 08:12:10 +0000 2017,DHUnplugged #378: The Best Stock Market in The World Listener Kevin asks us about an emerging market that is off th‚Ä¶ https://t.co/UPSJxvBqzt
Thu Dec 07 07:15:03 +0000 2017,this is why Tesla stock is doing so well  there are forces behind it that are unfuckwithable   keep measuring those panel gaps you fools ...
Thu Dec 07 05:37:36 +0000 2017,@@Tesla   supporting my recovery what happens in in  O2chamber  ? I have no reading material @elonmusk  ... I hear‚Ä¶ https://t.co/MfLmMvUBuL
Thu Dec 07 04:39:22 +0000 2017,Only car beating a stock GTR is some Indian 5000 horsepower shit &amp; that new Tesla roadster that just dropped that d‚Ä¶ https://t.co/GW4kzpjhIj
Thu Dec 07 04:08:05 +0000 2017,Morgan Stanley says a Tesla-SpaceX merger makes sense. https://t.co/8Shjc9Pt9p $TSLA
Thu Dec 07 02:14:11 +0000 2017,@NYCPunter Curious why you find technical knowledge so important if all you believe is BTC will replace USD one day‚Ä¶ https://t.co/l6wcqAitKT
Thu Dec 07 01:29:38 +0000 2017,@alexlewit @Tesla @BMW @VW Anyone on a decent cobalt stock looks good! üí∞üí∞ $AUZ my pick. https://t.co/G4ju476QsO
Thu Dec 07 01:05:10 +0000 2017,RT @indelibleblupen: So Tesla's stock just gained about 10 points today. Apparently this happened:  Morgan Stanley: Hey #Tesla and #Space‚Ä¶
Thu Dec 07 00:35:00 +0000 2017,I'm with @AnnCoulter on the stock market 'crash' @LouDobbs. Hell the extreme overvaluation of Amazon and Tesla al‚Ä¶ https://t.co/W2eFoVfEgF
Wed Dec 06 23:57:46 +0000 2017,I‚Äôm sorry this is really cool. Tesla rocks and as a stock and S car owner I love it! https://t.co/CKKx1pygTY
Wed Dec 06 23:00:04 +0000 2017,#China tech giant #Tencent is quietly investing in firms considered rivals of #Facebook #Apple #Amazon and #Google https://t.co/rk8U7mfxn0
Wed Dec 06 22:47:17 +0000 2017,@Tesla stock ended today at 313.26 today! That‚Äôs a 3.15% increase!!! @DavidDobrik #daviddobrik #tesla
Wed Dec 06 22:32:16 +0000 2017,Sell that Tesla stock yet? https://t.co/1l7j6A5RAO
Wed Dec 06 22:21:33 +0000 2017,So Tesla's stock just gained about 10 points today. Apparently this happened:  Morgan Stanley: Hey #Tesla and‚Ä¶ https://t.co/6soWTvKO69
Wed Dec 06 22:12:05 +0000 2017,@CNN No‚ö† Earth Quake's near LA  Gimmick for Gooseing his Taxpayers Stock TESLAüëé‚ùó https://t.co/2okdd7fmxc
Wed Dec 06 21:56:53 +0000 2017,TESLA STOCK ...WHERE IS IT GOING ? https://t.co/g4tfFqtF13
Wed Dec 06 21:36:22 +0000 2017,Is Buying Stock Like Tesla Inc. (TSLA) After Such Increase Winning Strategy? https://t.co/a2vEFtrd4M
Wed Dec 06 21:36:21 +0000 2017,Tesla Inc. (TSLA) Stock Price Increases Today https://t.co/ml6ZX1s9D9
Wed Dec 06 21:36:21 +0000 2017,Usa Financial Portformulas Has Cut Mks Instrument (MKSI) Stake by $592146; Share Price Rose ... https://t.co/e9IpeNLNjQ
Wed Dec 06 21:30:13 +0000 2017,RT @THESTOCKER: $TSLA If you like this stock long term you should be fine buying now. Short term wait for it to take out 310.76   #trading‚Ä¶
Wed Dec 06 20:46:47 +0000 2017,And now major investment analysts are recommending selling $TSLA stock because well the company's just not worth‚Ä¶ https://t.co/FAFqFO9Mrv
Wed Dec 06 20:45:37 +0000 2017,RT @ablradio: We are giving away free shares of FB Google Google Tesla and Amazon courtesy of @reclaimingmy10  and @stockpile Log on to‚Ä¶
Wed Dec 06 20:43:07 +0000 2017,We are giving away free shares of FB Google Google Tesla and Amazon courtesy of @reclaimingmy10  and @stockpile‚Ä¶ https://t.co/BHWgvkqLWZ
Wed Dec 06 20:38:13 +0000 2017,Whittier Trust Co Of Nevada Position in Tesla Mtrs              Com $TSLA Cut as Stock Price Rose ...
Wed Dec 06 20:32:51 +0000 2017,Usa Financial Portformulas Has Cut Mks Instrument $MKSI Stake by $592146 https://t.co/U7LcLP1O5q
Wed Dec 06 20:09:33 +0000 2017,SpaceX Is Just the Thing to Help Tesla Stock - U.S. News &amp; World Report https://t.co/ENrUn8rX9e
Wed Dec 06 20:01:02 +0000 2017,We Test Out The Tesla Model S Electric GT Race Car ‚Äì Video https://t.co/gIKcELvmdj
Wed Dec 06 19:50:00 +0000 2017,Morgan Stanley says a merger of Tesla and SpaceX makes a lot of sense. https://t.co/h5ax894obD https://t.co/M0VCQ2I0Rh
Wed Dec 06 19:25:46 +0000 2017,TSLA Stock: Why Should Investors Reconsider Tesla Inc And Las Vegas Sands Corp https://t.co/25ByqONZ9m
Wed Dec 06 19:14:14 +0000 2017,SpaceX Is Just the Thing to Help Tesla Stock - https://t.co/FZFdH1xQXl #stock #news https://t.co/wTsj8i9B3n
Wed Dec 06 19:11:15 +0000 2017,$TSLA about to Take Off like well a Tesla lol! F'ing crazy stock!
Wed Dec 06 19:09:06 +0000 2017,RT @usnews: Morgan Stanley says a Tesla-SpaceX merger makes sense. https://t.co/0tQDWXiAFi $TSLA
Wed Dec 06 19:07:54 +0000 2017,@sheltonwillia1 @Tesla TSLA is a cult stock never bet against a cult stock(unless short term trading)
Wed Dec 06 18:47:44 +0000 2017,RT @TeslaNapaValley: Napa Valley Tesla SpaceX Is Just the Thing to Help Tesla Stock - U.S. News &amp; World Report https://t.co/stx1Skswnd @Nap‚Ä¶
Wed Dec 06 18:30:35 +0000 2017,Napa Valley Tesla SpaceX Is Just the Thing to Help Tesla Stock - U.S. News &amp; World Report https://t.co/stx1Skswnd‚Ä¶ https://t.co/HguoR4Dc6m
Wed Dec 06 18:08:03 +0000 2017,Like the more I think about it I feel like an idiot for not investing when I was way younger. Same with fucking Tesla stock.
Wed Dec 06 17:48:58 +0000 2017,#Tesla‚Äôs stock ( $TSLA ) is a favorite among investors this year. But can the company profit even more through a me‚Ä¶ https://t.co/AFLoHA1BpV
Wed Dec 06 17:39:48 +0000 2017,RT @teslaliving: $TSLA current stock price: $307.38. #Tesla #TeslaStock #bot https://t.co/KSrtyulEXN
Wed Dec 06 17:36:21 +0000 2017,Unisys (UIS) Shares Declined While Public Employees Retirement System Of Ohio Lowered Its ... https://t.co/DxRJGH85Kw
Wed Dec 06 17:35:19 +0000 2017,Trim $BTC gains invest in $TSLA stock .  Repeat at next All time high. @elonmusk @Tesla
Wed Dec 06 17:30:03 +0000 2017,$TSLA current stock price: $307.38. #Tesla #TeslaStock #bot https://t.co/KSrtyulEXN
Wed Dec 06 17:19:04 +0000 2017,#Tesla stock falls as GOP unveils tax plan that eliminates electric car subsidy $TSLA https://t.co/6ywj4rKHKB #politics
Wed Dec 06 16:50:24 +0000 2017,RT @OphirGottlieb: https://t.co/umFkvxcZXT Tesla stock downgraded to sell on signs Model 3 demand is starting to flag - $TSLA It's circumst‚Ä¶
Wed Dec 06 16:17:08 +0000 2017,#Tesla If Tesla stock prices collapse at $  260 Tesla will prove to be bubbles. https://t.co/BorlCFe4bh
Wed Dec 06 16:14:37 +0000 2017,Should &lt;b&gt;Elon Musk&lt;/b&gt; merge Tesla and SpaceX?: NEW YORK (CNNMoney) - Tesla's stock has‚Ä¶ https://t.co/BItUoOIroB
Wed Dec 06 16:09:32 +0000 2017,Tesla P90DL To P100D Upgrades Are Finally Being Performed https://t.co/0Y9rxmOPWE
Wed Dec 06 16:09:04 +0000 2017,In case you wanted to know tho buying stock in Tesla is really risky
Wed Dec 06 16:07:35 +0000 2017,The Real Reason Tesla Inc Is Likely to Pull Back From Here https://t.co/HaHmFiIRVQ https://t.co/Agg0ScVrFr
Wed Dec 06 15:49:08 +0000 2017,@elonmusk @Tesla @TeslaMotorsClub I got into stock market last month 1st time. I have quickly learned why you hate‚Ä¶ https://t.co/5hBBUziTSn
Wed Dec 06 15:40:30 +0000 2017,RT LaMonicaBuzz: Tesla has been a hot stock this year but it's cooled off a bit lately. Morgan Stanley wonders if e‚Ä¶ https://t.co/OZoOWE5GxD
Wed Dec 06 15:37:13 +0000 2017,#Stocks #Investment The Bull Case for Tesla Inc Stock Is Starting to Crack - https://t.co/hCwzJAjZ2v:‚Ä¶ https://t.co/pl54dQeJX8
Wed Dec 06 15:22:40 +0000 2017,Tesla has been a hot stock this year but it's cooled off a bit lately. Morgan Stanley wonders if @elonmusk should c‚Ä¶ https://t.co/KWRrD57tOk
Wed Dec 06 15:14:35 +0000 2017,@OnecoinA @ezCoinAccess @SAJISANU @amitbhawani But I guess that's the typical logic chain for you OneCoiners. Becau‚Ä¶ https://t.co/FfqpAxcNsZ
Wed Dec 06 15:03:23 +0000 2017,Tesla Inc Stock Is Heading for a Return to Earth Soon - https://t.co/pEn5rE3nSP #stock #news https://t.co/lroReSjmCd
Wed Dec 06 15:02:06 +0000 2017,Tesla Inc Stock Is Heading for a Return to Earth Soon: The stock chart for Tesla Inc‚Ä¶ https://t.co/rx8JRGifLu
Wed Dec 06 15:02:01 +0000 2017,SpaceX Is Just the Thing to Help Tesla Stock: According to Jonas there are a number of‚Ä¶ https://t.co/KFtERiDVFr
Wed Dec 06 14:51:54 +0000 2017,@Tesla Inc Stock Is Heading for a Return to Earth https://t.co/VjPt6JtV4L  #tesla #tsla #tesla_stock #elonmusk‚Ä¶ https://t.co/ofIIu12zEp
Wed Dec 06 14:46:33 +0000 2017,RT @stevedenning: Countdown day #60: Many firms claim stock market requires cost-cutting &amp; quarterly returns. Yet stock market rewards genu‚Ä¶
Wed Dec 06 14:43:06 +0000 2017,#TESLA +0.70% stock to raise around 10% in the following days. #TSLA
Wed Dec 06 14:15:24 +0000 2017,Tesla Inc Stock Is Heading for a Return to Earth Soon https://t.co/7TR3tA9OfC
Wed Dec 06 14:05:25 +0000 2017,SpaceX Is Just the Thing to Help Tesla Stock https://t.co/fOslwqR5Jx
Wed Dec 06 13:57:37 +0000 2017,Tesla stock downgraded to sell on signs Model 3 demand is starting to flag can‚Äôt get new vehicles until 2019  https://t.co/ZwNDMAdEI5
Wed Dec 06 13:52:20 +0000 2017,The Bull Case for Tesla Inc Stock Is Starting to Crack: There's still a long way to go for‚Ä¶ https://t.co/jnZxzCvXTx
Wed Dec 06 13:43:41 +0000 2017,@tesla_addict #TESLA stock like this spanish #Realestate stock is going to jump one day without advise so the bette‚Ä¶ https://t.co/lmcIWyoCsn
Wed Dec 06 13:41:53 +0000 2017,Tesla is a shit stock. Old why I haven't sold yet....
Wed Dec 06 13:29:20 +0000 2017,RT @stockpile: Want to surprise your friends or fave employee? Our 8-Pack gift card includes Apple Disney Facebook Tesla Google the Go‚Ä¶
Wed Dec 06 13:14:07 +0000 2017,$TSLA $AMZN $FB $F:  Tesla Inc Stock Is Heading for a Return to Earth Soon:  https://t.co/CkziAL4iPR
Wed Dec 06 13:05:27 +0000 2017,The Bull Case for Tesla Inc Stock Is Starting to Crack https://t.co/valiGXPsN3
Wed Dec 06 13:05:04 +0000 2017,TESLA STOCK IS A BEAST!!  Forget the truck Elon Musk. Tesla stock is a beast  - CNNMoney https://t.co/LMR0PKsU04
Wed Dec 06 12:24:09 +0000 2017,$TSLA:  The Bull Case for Tesla Inc Stock Is Starting to Crack:  https://t.co/j71l7QWEtl
Wed Dec 06 12:09:59 +0000 2017,‚ÄúIf you want risk we surmise Bitcoin will reach $20000 long before TSLA reaches $700. And you‚Äôll be able to hedge‚Ä¶ https://t.co/Qk5APGxYMf
Wed Dec 06 12:09:15 +0000 2017,Tesla Semi Autopilot Sensors Pointed Out Potential LiDAR ‚Äì Video https://t.co/rkOi2uPWLj
Wed Dec 06 12:08:43 +0000 2017,TSLA Stock Quote - #Tesla Inc Summary | Investopedia https://t.co/AJQHOSkJFv
Wed Dec 06 12:02:17 +0000 2017,Tesla stock downgraded to sell on signs Model 3 demand is starting to flag - Cascend Securities says new customers‚Ä¶ https://t.co/xbty0KChZo
Wed Dec 06 11:42:42 +0000 2017,US STOCK MARKET: A TESLA-LED CAR CRASH IS COMING https://t.co/jeoF8olyw4 https://t.co/63S5Fw39NV
Wed Dec 06 10:48:08 +0000 2017,Ranny' s blog: US STOCK MARKET: A TESLA-LED CAR CRASH IS COMING https://t.co/IH8ynuwK6z
Wed Dec 06 09:51:01 +0000 2017,RT @RonThornton: Tesla stock downgraded to sell on signs Model 3 demand is starting to flag - MarketWatch #TeslaModel3  https://t.co/8Qp35C‚Ä¶
Wed Dec 06 09:47:04 +0000 2017,Tesla stock downgraded to sell on signs Model 3 demand is starting to flag - MarketWatch #TeslaModel3  https://t.co/8Qp35CSx2b
Wed Dec 06 09:00:56 +0000 2017,Tesla $TSLA stock downgraded to sell from hold at Cascend on lagging customer demand. Discover more: https://t.co/To2byyf2dl #Trading
Wed Dec 06 07:53:44 +0000 2017,@Tweetermeyer you folks said it yourselves - Tesla is not like any other stock.  yet you analyze it as if it was.  insanity.
Wed Dec 06 07:51:41 +0000 2017,#Forex Tesla suffers from negative pressures - Analysis - 05-12-2017: Tesla's stock (TSLA) fell in the intraday lev‚Ä¶ https://t.co/1FJr0HoTKb
Wed Dec 06 05:51:28 +0000 2017,@tangent90x @CNN @rishikumar1 @310 Stay tuned. Musk is corrupted. Tesla will survive he won't. Space-X uncertain.‚Ä¶ https://t.co/SO5ZkHKraC
Wed Dec 06 05:42:19 +0000 2017,@BrowningMachine @AnnCoulter Because CEOs get a majority of their pay in stock options. To make there stock worth m‚Ä¶ https://t.co/EAkocSs6se
Wed Dec 06 05:15:11 +0000 2017,Many times I hear someone say they can't afford a Tesla. If you love the cars you can:  üë®üèº‚Äçüíªwork more hours üë©‚ÄçüíªInve‚Ä¶ https://t.co/EIfK7UG6tI
Wed Dec 06 05:14:25 +0000 2017,@tangent90x @CNN Oops. Thought you might like this one @rishikumar1. Dropping like flies? But hey these are just t‚Ä¶ https://t.co/NrbJikkF0C
Wed Dec 06 04:30:21 +0000 2017,Did Tesla Motors Inc (TSLA) Stock Just Have Its Amazon Moment? https://t.co/oYAa9yWHeD https://t.co/1tWr8VKCcs
Wed Dec 06 03:31:15 +0000 2017,if u got money put that shit in Tesla stock NOW
Wed Dec 06 03:08:03 +0000 2017,@RyanOScribner  Do you know how to  Invest in stocks without stock broker I want to invest in Tesla thanks
Wed Dec 06 02:22:19 +0000 2017,Tesla stock downgraded to sell on signs Model 3 demand is starting to flag - MarketWatch $TSLA https://t.co/gsc1GEzptk
Wed Dec 06 02:20:02 +0000 2017,$TSLA stock downgraded to sell on signs Model 3 demand is starting to flag https://t.co/dLxPQbcNEp
Wed Dec 06 02:15:08 +0000 2017,US STOCK MARKET: A TESLA-LED CAR #CRASH IS COMING https://t.co/8oJBLRlA1s
Wed Dec 06 01:55:06 +0000 2017,Investors are apparently dumping Tesla Stocks because of Model 3 production woes what a bunch of idiots. Tesla has‚Ä¶ https://t.co/j3UhACiejS
Wed Dec 06 01:49:26 +0000 2017,And that‚Äôs a reason to buy it?  https://t.co/LB5VeC4uy5
Wed Dec 06 01:40:29 +0000 2017,Hasn‚Äôt Tesla raised 8-9x what SpaceX has? I can‚Äôt imagine SpaceX being public like Tesla and a non-public combined‚Ä¶ https://t.co/MIjyesKXVn
Wed Dec 06 01:31:06 +0000 2017,Upping my odds to 60% of SpaceX Tesla merger (sooner of 2 years or when Tesla stock falls significantly)  WHY?  1 C‚Ä¶ https://t.co/MJX6NDwiTV
Wed Dec 06 01:27:16 +0000 2017,RT @JasonEBurack: Another excuse for Tesla stock to rise? Lol https://t.co/3wWXGEdR8m
Wed Dec 06 01:17:39 +0000 2017,Tesla Stock Could Fall 40% Next Year https://t.co/7eLCiCZcsT
Wed Dec 06 01:00:21 +0000 2017,US STOCK MARKET: A TESLA-LED CAR CRASH IS COMING - https://t.co/J5wAQ6AstR
Wed Dec 06 00:47:41 +0000 2017,Tesla demand waning as customers rather go elsewhere than wait for new vehicles says analyst - Cascend downgraded‚Ä¶ https://t.co/yJVfHP3yXt
Wed Dec 06 00:20:08 +0000 2017,RT @David_Kudla: Well good for you. You are so smart you saved your clients from a profit.  Just out of curiosity what do you think Tesl‚Ä¶
Wed Dec 06 00:04:43 +0000 2017,US STOCK MARKET: A TESLA-LED CAR CRASH IS COMING ‚Äì InvestmentWatch https://t.co/a0Z7sk7dhf
Tue Dec 05 23:56:33 +0000 2017,Another excuse for Tesla stock to rise? Lol https://t.co/3wWXGEdR8m
Tue Dec 05 22:25:42 +0000 2017,@BonaireVolt @omniamea @cppinvest @robinivski @SonOfUhGunn @scott11120 @markbspiegel or Tesla is a multi-billion do‚Ä¶ https://t.co/OCZkypT584
Tue Dec 05 22:24:49 +0000 2017,RT @CrosbieABJSoc: It is crazy to me how the only thing focused on when it comes to @Tesla is whether or not they hit earnings or productio‚Ä¶
Tue Dec 05 21:45:19 +0000 2017,Tesla stock downgraded to sell on signs Model 3 demand is starting to flag https://t.co/GPcYV7Q24F #News via @IBNMoney_com #USA
Tue Dec 05 21:24:18 +0000 2017,RT @therealslog: A credit bubble Tesla hype and GM's EV fightback could well kick off Crash2: we know this is likely because the MSM says‚Ä¶
Tue Dec 05 21:19:56 +0000 2017,"If you want risk buy CME bitcoin futures on Sunday." - Eric Ross at Cascend re $TSLA https://t.co/RK9Vrcxdwf
Tue Dec 05 21:05:00 +0000 2017,What Upcoming Events Will Lift $TSLA's Stock Price? https://t.co/gG0FjeeoRl  #tesla #musk
Tue Dec 05 20:32:00 +0000 2017,Want to surprise your friends or fave employee? Our 8-Pack gift card includes Apple Disney Facebook Tesla Googl‚Ä¶ https://t.co/GTT1kW5NT2
Tue Dec 05 20:05:26 +0000 2017,I really hope #Tesla and #SpaceX merge.  Two disruptive companies that would be awesome to own within same stock.
Tue Dec 05 19:45:19 +0000 2017,#Tesla stock downgraded to sell on signs Model 3 demand is starting to flag https://t.co/pLV8AAdNSk https://t.co/9vBaMJEkQo
Tue Dec 05 19:40:11 +0000 2017,@LizClaman @Citroen I own stock in Tesla... One of these days I might convert to a Tesla car... Don't have THAT much stock...
Tue Dec 05 19:30:58 +0000 2017,US STOCK MARKET: A TESLA-LED CAR CRASH IS COMING https://t.co/Y6yVpflsty via @therealslog
Tue Dec 05 19:24:26 +0000 2017,RT @iliketeslas: Jonas $tsla biggest bull has joined the Tesla is going bankrupt crowd. I have sold some shares. All indications this stock‚Ä¶
Tue Dec 05 19:20:42 +0000 2017,Jonas $tsla biggest bull has joined the Tesla is going bankrupt crowd. I have sold some shares. All indications thi‚Ä¶ https://t.co/Xuhy2oTZnN
Tue Dec 05 19:07:51 +0000 2017,RT @MarketsTicker: Tesla stock downgraded to sell from hold at Cascend on lagging customer demand https://t.co/8AAamIRuzl
Tue Dec 05 18:59:42 +0000 2017,Tesla Model S P100D Seeks Spotlight By Taking On Stock Ferrari FF: It's been a while since we last saw the Model S‚Ä¶ https://t.co/xBvS4ofpMe
Tue Dec 05 18:56:53 +0000 2017,Tesla Stock Could Fall 40% Next Year OR MORE üòú https://t.co/SXpIeEVcU7
Tue Dec 05 18:53:11 +0000 2017,TESLA IS TOAST (also consider how many refunds will be requested when people learn the car is 50k and not 35k)Tesla‚Ä¶ https://t.co/R5lwmaQrgT
Tue Dec 05 18:49:17 +0000 2017,@sourcex44 @tallross The ppl that have serious money chinese eu and us investors have easy access to tesla stock‚Ä¶ https://t.co/XY5lMn7lpA
Tue Dec 05 18:29:03 +0000 2017,@cppinvest @SonOfUhGunn @robinivski @scott11120 @markbspiegel So along with SpaceX travelling the world chasing a‚Ä¶ https://t.co/lc6qXfN1c8
Tue Dec 05 18:14:24 +0000 2017,@SovCryptoBlog @tallross Well that's where you get it wrong. Cryptos don't have boundaries  Tesla stock does. I don‚Ä¶ https://t.co/sjCSxKA0ts
Tue Dec 05 18:14:07 +0000 2017,Motherload Of Tesla Model 3 Vehicles Spotted Multiple Locations https://t.co/rQ12oMjJc4
Tue Dec 05 18:10:24 +0000 2017,@tallross @sourcex44 less than 1% of the world owns tesla stock
Tue Dec 05 18:00:25 +0000 2017,Tesla Model S P100D Seeks Spotlight By Taking On Stock Ferrari FF https://t.co/ON86dRaMYR @Carscoop
Tue Dec 05 17:47:14 +0000 2017,Tesla Has Underperformed Its Peers in the Last 3 Months https://t.co/QrISfWqBrH
Tue Dec 05 17:35:56 +0000 2017,Technology stocks edged higher today Tesla Inc. stock was downgraded to sell from hold by Cascend Securities and‚Ä¶ https://t.co/yQBAIIpAlv
Tue Dec 05 17:31:27 +0000 2017,Elon Musk mocks short sellers after Tesla stock surge https://t.co/hByrRz2Hxz https://t.co/bz1fmJvXUk
Tue Dec 05 17:30:03 +0000 2017,$TSLA current stock price: $305.26. #Tesla #TeslaStock #bot https://t.co/M2YDDOu7LZ
Tue Dec 05 17:27:08 +0000 2017,#Tesla Model S P100D Seeks Spotlight By Taking On Stock #Ferrari FF https://t.co/SnC62Fmzy5 https://t.co/2MdBAyXeTs
Tue Dec 05 17:02:23 +0000 2017,Tesla stock downgraded to sell on signs Model 3 demand is starting to flag ~https://t.co/56TpQJXD5R
Tue Dec 05 17:01:43 +0000 2017,Why Are Analysts Turning Negative on Tesla in December? https://t.co/vqrmf0twHk $TSLA $GM $F $FCAU
Tue Dec 05 17:01:42 +0000 2017,@pae9180 Tesla has many believers and even sceptics see it as a "momentum" stock. Lots of clever ppl paying attn se‚Ä¶ https://t.co/bg3hyc9o8Z
Tue Dec 05 16:51:09 +0000 2017,Tesla stock downgraded to sell on signs Model 3 demand is starting to flag https://t.co/jgRBVye690.
Tue Dec 05 16:22:24 +0000 2017,Tesla: Cascend Securities downgrades to Sell from Hold with $250 price target on signs Model 3 demand is starting t‚Ä¶ https://t.co/C8gbHxyl9D
Tue Dec 05 16:21:02 +0000 2017,https://t.co/umFkvxcZXT Tesla stock downgraded to sell on signs Model 3 demand is starting to flag - $TSLA It's cir‚Ä¶ https://t.co/ZqcK5kKRQa
Tue Dec 05 16:20:43 +0000 2017,New post: "Tesla's stock downgraded to sell as analyst cites demand lag" https://t.co/K8ODBdey0C
Tue Dec 05 16:14:15 +0000 2017,Porsche CEO Says Automaker Is Losing Customers To Tesla https://t.co/owRuoI8mq2
Tue Dec 05 16:12:15 +0000 2017,Tesla stock downgraded to sell on signs Model 3 demand is starting to flag https://t.co/phazBDuGKA via‚Ä¶ https://t.co/1x12Wh9PMq
Tue Dec 05 16:11:17 +0000 2017,Tesla stock downgraded to sell on signs Model 3 demand is starting to flag: Cascend Securities says new customers w‚Ä¶ https://t.co/PbJTERn1gK
Tue Dec 05 16:10:35 +0000 2017,Tesla's stock downgraded to sell as analyst cites demand lag https://t.co/K8ODBdey0C
Tue Dec 05 15:49:04 +0000 2017,RT @mm: In the most San Francisco crime ever someone tagged my neighbor's Tesla with its afterhours stock price. His other Tesla appears u‚Ä¶
Tue Dec 05 15:32:36 +0000 2017,Tesla stock downgraded to sell from hold at Cascend on lagging customer demand: Tesla Inc. .. #marketwatch #news https://t.co/2zmZ5EkU7O
Tue Dec 05 15:30:23 +0000 2017,LACDD stock holders holding tight. We know what‚Äôs going to happen with all the super demand for lithium for the nex‚Ä¶ https://t.co/FWZcSnlXP4
Tue Dec 05 15:11:57 +0000 2017,RT @valuewalk: Tesla's stock downgraded to sell as analyst cites demand lag https://t.co/fodXoiS30S
Tue Dec 05 14:39:32 +0000 2017,TSportline Shows Us Its Customized Tesla Model 3 Called 3X ‚Äì Video https://t.co/wXQnoU9SEP
Tue Dec 05 14:31:12 +0000 2017,$TSLA downgrade: "If you want risk buy CME bitcoin futures on Sunday." https://t.co/zQdhq4ehLG
Tue Dec 05 14:27:28 +0000 2017,$TSLA Tesla (NASDAQ:TSLA) was downgraded by analysts at Cascend Securities (Not Ranked) from a "hold" rating to a "‚Ä¶ https://t.co/OYRiLjU1zV
Tue Dec 05 14:13:02 +0000 2017,Tesla stock downgraded to sell from hold at Cascend on lagging customer demand https://t.co/KlC5Yb7hnn $TSLA
Tue Dec 05 14:12:07 +0000 2017,Tesla stock downgraded to sell from hold at Cascend on lagging customer demand https://t.co/ZLsCmQlNus
