-1,Sat Dec 09 07:40:56 +0000 2017,I don t maxed stock fun drive it 
1,Sat Dec 09 06:44:15 +0000 2017,Please RT Tesla Aims Raise 500 Million Stock Offering Model
0,Sat Dec 09 06:18:05 +0000 2017, A reminder investors everywhere not having opinion position fine too Applies Tesla stock house fixer upp 
-1,Sat Dec 09 06:08:08 +0000 2017,Tesla s Stock Chart Shows Death Cross Fast Approaching
-1,Sat Dec 09 05:54:36 +0000 2017,I gonna buy Tesla stock asked SSN
-1,Sat Dec 09 05:45:54 +0000 2017, He recommended Amazon Tesla And he s announcing newest pick best stock buy now http 
1,Sat Dec 09 05:28:22 +0000 2017,Closeup Of Tesla Coil With Electric Pulses Stock Photo Getty Images
-1,Sat Dec 09 05:26:41 +0000 2017,It s funny looking I excited gains Tesla stock 
-1,Sat Dec 09 04:45:29 +0000 2017,shorting tesla stock terrible idea trust me ur homework
1,Sat Dec 09 04:38:57 +0000 2017,comment post about 
-1,Sat Dec 09 04:35:11 +0000 2017,Selling Teslas depends keeping targeted buyers s 
-1,Sat Dec 09 04:32:55 +0000 2017,ridiculously priced higher way just b 
-1,Sat Dec 09 04:29:16 +0000 2017,Aye fuck Tesla stock convert Bitcoin 
1,Sat Dec 09 04:24:18 +0000 2017,If you re bed C lowns I n America stock price goes up Tesla gt gt SpaceX Amazon m 
-1,Sat Dec 09 04:16:39 +0000 2017,See That s say ur ignorant U don t fac 
-1,Sat Dec 09 04:07:09 +0000 2017,Oh really Speaking stock use brain u any 
-1,Sat Dec 09 04:04:21 +0000 2017,Just extra careful shorting stock ok It s fine pounce 
-1,Sat Dec 09 03:56:40 +0000 2017, Tesla s Stock Chart Shows Death Cross Fast Approaching
0,Sat Dec 09 03:43:33 +0000 2017,Using old parts makes wonder stock used Tesla cars How a 
-1,Sat Dec 09 03:43:23 +0000 2017,Insider Selling Tesla Inc TSLA VP Sells Shares Stock
-1,Sat Dec 09 03:35:11 +0000 2017,Tesla s Stock Chart Shows Death Cross Fast Approaching
1,Sat Dec 09 02:39:01 +0000 2017,stock falls GOP unveils tax plan eliminates electric car subsidy TSLA
1,Sat Dec 09 02:05:04 +0000 2017, Tesla s sinking stock short sellers 1 billion 
-1,Sat Dec 09 02:02:28 +0000 2017,Stock options reports released Boeing Delta Airlines GoDaddy Trivago Tesla Motors
-1,Sat Dec 09 01:31:29 +0000 2017,I stock hot wheels 
1,Sat Dec 09 00:53:26 +0000 2017, Tesla exceeding order cylindrical battery cells leaning companies stock make 
-1,Sat Dec 09 00:33:35 +0000 2017,Hey James I sent email didn t hear back I d interested joining defend bull 
1,Sat Dec 09 00:21:49 +0000 2017,Does literally just watch Tesla stock religiously David lose million dollar 
1,Sat Dec 09 00:11:37 +0000 2017,Jimmy Cramer hedge fund manager turned media guy Same guy said Tesla worthless stock 
-1,Sat Dec 09 00:05:30 +0000 2017,Today I acquired stock Tesla bought bitcoin far good
1,Sat Dec 09 00:01:47 +0000 2017,Tesla exceeding order cylindrical battery cells leaning companies stock m 
-1,Fri Dec 08 23:56:21 +0000 2017, BA TSLA Sorry Elon Musk Boeing s Stock Still Looks Better Than Tesla s
1,Fri Dec 08 23:55:14 +0000 2017,This Chevron Economist Isn t Worried About Electric Cars Bloomberg
1,Fri Dec 08 23:55:11 +0000 2017,Sorry Elon Musk Boeing s Stock Still Looks Better Than Tesla s
-1,Fri Dec 08 23:10:55 +0000 2017,Cringe worthy hide accent It s like accent baffle Americans 
-1,Fri Dec 08 21:45:50 +0000 2017,Tesla Truck Won t Move Stock s Needle
-1,Fri Dec 08 21:44:39 +0000 2017,UPDATE Tesla stock downgraded sell signs Model demand starting flag
-1,Fri Dec 08 21:16:54 +0000 2017,Tesla Truck Won t Move Stock s Needle UK
-1,Fri Dec 08 21:08:27 +0000 2017,Tesla Truck Will Slowly Stock s Needle 
-1,Fri Dec 08 20:56:46 +0000 2017,Tesla Truck Won t Move Stock s Needle Tesla Truck Won t Move Stock s Needle TheStreet News UK business
-1,Fri Dec 08 20:51:09 +0000 2017,Naah Suggest invest Tesla s stocks Personal prediction th 
-1,Fri Dec 08 20:28:10 +0000 2017,Featured Stock Update Tesla Motors Inc TSLA 
1,Fri Dec 08 20:09:49 +0000 2017,Sorry lt b gt Elon Musk lt b gt Boeing s Stock Still Looks Better Than Tesla s BA CEO Dennis 
-1,Fri Dec 08 20:05:06 +0000 2017, TSLA Tesla Truck Won t Move Stock s Needle 
1,Fri Dec 08 19:48:21 +0000 2017,Sorry Elon Musk Boeing s Stock Still Looks Better Than Tesla s 
0,Fri Dec 08 19:40:59 +0000 2017,Bitcoin likely dominate global currencies Tesla prevail electric autonomous cars Vol Fri Dec 40 04 00 Todays latest Dreamstime image sale Fri Dec 38 28 00 Sorry Elon Musk Boeing s Stock Still Looks Better Than Tesla s Fri Dec 42 14 00 Tesla Receives Big Rig Truck Orders Worth About 15 Million Stock News amp Stock Market Analysis IBD Fri Dec 31 48 00 Elon musk just sells men stock Tesla wealthy yeah creed yeah lies yes check facts Fri Dec 23 42 00 RT Nothing stock market guaranteed TSLA 
1,Fri Dec 08 18:15:17 +0000 2017,Anheuser Busch s Order Is A Shot In The Arm For Tesla s Trucking Ambitions
1,Fri Dec 08 18:10:05 +0000 2017,CNBC Musk confirms Tesla making AI hardware 
-1,Fri Dec 08 17:56:46 +0000 2017, Lithium Americas best lithium stock It s located Nevada Takeover 
1,Fri Dec 08 17:49:25 +0000 2017,Tesla rising Anheuser Busch places order electric semis
-1,Fri Dec 08 17:42:44 +0000 2017,Tesla Stock Was 192 Months Ago Today It s At 314 
-1,Fri Dec 08 17:30:03 +0000 2017, TSLA current stock price 314 39 
-1,Fri Dec 08 16:49:44 +0000 2017,It s 50 morning I m texting dad telling invest Tesla stock value drops 
-1,Fri Dec 08 16:41:24 +0000 2017,Tesla stock gonna trucks come 
-1,Fri Dec 08 15:59:28 +0000 2017,Tesla s Stock Chart Shows Death Cross Fast Approaching TSLA
-1,Fri Dec 08 15:39:25 +0000 2017,Stock options reports released Boeing Delta Airlines GoDaddy Trivago Tesla Motors 
-1,Fri Dec 08 15:19:02 +0000 2017, TSLA stock stops going downgrade won t red best bet Buy Buy Buy 
1,Fri Dec 08 15:00:51 +0000 2017,Panasonic Starts Making Cells For Tesla Solar Roof At Gigafactory w video 
1,Fri Dec 08 15:00:05 +0000 2017, Tesla rising Anheuser Busch places order electric semis story
1,Fri Dec 08 14:59:34 +0000 2017,Tesla rising Anheuser Busch places order electric semis story
-1,Fri Dec 08 14:43:33 +0000 2017,Tesla s Stock Chart Shows Death Cross Fast Approaching 
1,Fri Dec 08 14:31:16 +0000 2017,In Norway Plug In Hybrids Set th Sales Record In A Row Tesla Surges
1,Fri Dec 08 14:07:17 +0000 2017,Sysco orders Tesla s news Semi tractors
-1,Fri Dec 08 13:55:11 +0000 2017,Tesla Opens New Delivery Center Lot Packed With Model Vehicles
1,Fri Dec 08 13:54:30 +0000 2017, ONE word Elon greedy B paying dollars SINK stock just like did GE shut 
1,Fri Dec 08 13:54:27 +0000 2017,ONE word Elon greedy B paying dollars SINK stock just like did GE wil 
0,Fri Dec 08 13:47:28 +0000 2017, s quietly surrounding Trojan horse investments stake st 
1,Fri Dec 08 13:37:16 +0000 2017, Once TSLA Chief Accounting Officer a k a Man Who Knows Where The Bodies Are Buried immediately dumps chu 
-1,Fri Dec 08 12:36:12 +0000 2017,owo notices FBI investigation Clinton emails stock market slide jailer currently I d suck dic 
-1,Fri Dec 08 12:21:17 +0000 2017, Guess Liverpool loving future stock owner winner challenge 
-1,Fri Dec 08 12:11:18 +0000 2017,inc tsla stock tsla real time stock quote tesla co 
1,Fri Dec 08 12:09:31 +0000 2017,First personal spacecraft f goes chance buying tesla stock Check cd au 
-1,Fri Dec 08 12:06:20 +0000 2017,Not A Single Share TSLA
1,Fri Dec 08 12:03:19 +0000 2017, Mee Awesome stuff Tesla stock owner today Tesla car driver tomorrow Thanks million 
1,Fri Dec 08 11:51:37 +0000 2017,Mee Awesome stuff Tesla stock owner today Tesla car driver tomorrow Thanks million 
-1,Fri Dec 08 11:41:19 +0000 2017,Guess Liverpool loving future stock owner winner challenge 
-1,Fri Dec 08 11:21:39 +0000 2017,After orders orders more Buy stock
-1,Fri Dec 08 11:08:41 +0000 2017,And NiceHash got hacked I happy stuck Tesla stock 
-1,Fri Dec 08 08:32:58 +0000 2017,Tesla TSLA Stock Rating Upgraded ValuEngine
0,Fri Dec 08 08:23:10 +0000 2017, s quietly surrounding US tech giants Trojan horse
-1,Fri Dec 08 05:03:03 +0000 2017,How long Tesla stock crashes 
-1,Fri Dec 08 04:48:04 +0000 2017,Could attempt tesla stock price 
1,Fri Dec 08 04:31:34 +0000 2017,Everything cool Any plans SpaceX IPO I Tesla stock love SpaceX well 
-1,Fri Dec 08 04:03:53 +0000 2017,Amazon Apple Tesla stock
0,Fri Dec 08 03:26:11 +0000 2017,hi guys I signed seeing promo offering 5 Tesla stock can t figure app Any ideas 
-1,Fri Dec 08 03:19:25 +0000 2017,tryna trade stock bitcoin stock i got tesla shares work out SOMEBODY HELP ME
0,Fri Dec 08 02:46:30 +0000 2017,Don t bother offering different trim options Atlas dealerships aren t going stock them Sol 
-1,Fri Dec 08 02:30:14 +0000 2017, Sells self Buy cars trucks amp cars amp stock 
-1,Fri Dec 08 01:29:22 +0000 2017,It s law recently bought bitcoin stock OLED Tesla 
1,Fri Dec 08 00:39:41 +0000 2017,Once TSLA Chief Accounting Officer a k a Man Who Knows Where The Bodies Are Buried immediately dumps 
-1,Fri Dec 08 00:37:20 +0000 2017, TSLA Tesla stock downgraded sell signs Model demand starting flag
-1,Thu Dec 07 23:48:56 +0000 2017,Tesla stock falls Model delays biggest ever quarterly loss
-1,Thu Dec 07 23:46:28 +0000 2017, TSLA New SEC Document s Tesla Inc From Stock News Alerts App
0,Thu Dec 07 23:27:44 +0000 2017,hey Man remember 1 mil Tesla stock Did end throwing money bitcoin 
1,Thu Dec 07 23:18:31 +0000 2017,Ceddi Tesla Says DJ ing My First Love Stock Market Backbone
1,Thu Dec 07 22:37:23 +0000 2017, Tesla rising Anheuser Busch places order electric semis TSLA BUD 
1,Thu Dec 07 22:34:55 +0000 2017, Tesla rising Anheuser Busch places order electric semis
1,Thu Dec 07 22:20:01 +0000 2017,Anheuser Busch orders Tesla electric trucks However cou 
1,Thu Dec 07 22:00:45 +0000 2017,rising Anheuser Busch places order electric semis TSLA BUD 
1,Thu Dec 07 21:41:06 +0000 2017,rising Anheuser Busch places order electric semis TSLA BUD 
1,Thu Dec 07 21:39:29 +0000 2017,Tesla rising Anheuser Busch places order electric semis TSLA BUD 
-1,Thu Dec 07 21:38:43 +0000 2017,Predictions require analysis generate A black swan event destroy stock market A black swan ev 
0,Thu Dec 07 21:38:03 +0000 2017, s quietly surrounding US tech giants Trojan horse 
1,Thu Dec 07 21:37:47 +0000 2017, Anyone decent cobalt stock looks good AUZ pick 
1,Thu Dec 07 21:31:10 +0000 2017,I liked video FOOD TALK TESLA STOCK OR GUAC Golf YOUR Friends 
-1,Thu Dec 07 20:39:24 +0000 2017,Tesla stock downgraded sell signs Model demand starting flag TSLA
-1,Thu Dec 07 20:36:48 +0000 2017,Is funny people mock BTC probably people buy Tesla stock 
-1,Thu Dec 07 19:58:16 +0000 2017, Tesla hot stock year it s cooled bit lately Morgan Stanley wonders conside 
-1,Thu Dec 07 19:56:09 +0000 2017,Buying tesla stock
1,Thu Dec 07 19:52:55 +0000 2017,Tesla rising Anheuser Busch places order electric semis 
1,Thu Dec 07 19:18:15 +0000 2017,Is Tesla Inc Stock About Crack Plunge Lower 
0,Thu Dec 07 19:17:52 +0000 2017,crypto currency like quantum physics me I gotta re read watch ask questions think time 
1,Thu Dec 07 19:14:02 +0000 2017,Tesla rising Anheuser Busch places order electric semis TSLA BUD 
1,Thu Dec 07 18:20:20 +0000 2017,If Tesla Can Achieve Specs And Price The Tesla Semi Will Eclipse Diesel
1,Thu Dec 07 18:18:09 +0000 2017,Daimler stock risen Tesla trucking Anything kills disruptor s stock The market Ponzi scheme 
1,Thu Dec 07 18:09:40 +0000 2017,New M5 Tesla s Ferrari SF Huracan Performante FXX LT S Chiron Ager 
-1,Thu Dec 07 17:44:59 +0000 2017, TSLA current stock price 315 65 
-1,Thu Dec 07 17:30:02 +0000 2017, TSLA current stock price 315 65 
1,Thu Dec 07 17:21:53 +0000 2017, Tesla rising Anheuser Busch places order electric semis TSLA BUD 
1,Thu Dec 07 17:20:41 +0000 2017,I now analysts raise Tesla price tgts crypto currency mining energy source 
1,Thu Dec 07 17:17:14 +0000 2017,Tesla rising Anheuser Busch places order electric semis TSLA BUD 
1,Thu Dec 07 17:17:01 +0000 2017,Tesla rising Anheuser Busch places order electric semis TSLA BUD Tesla just got i 
-1,Thu Dec 07 17:14:55 +0000 2017,Tesla stock downgraded SELL signs Model demand starting flag
-1,Thu Dec 07 16:59:05 +0000 2017, TSLA GM Is Tesla Inc Stock About Crack Plunge Lower 
0,Thu Dec 07 16:58:23 +0000 2017,China s Tencent quietly surrounding US tech giants Trojan horse investments
0,Thu Dec 07 16:57:18 +0000 2017,A reminder investors everywhere not having opinion position fine too Applies Tesla stock house 
-1,Thu Dec 07 16:56:12 +0000 2017,Just sold half Tesla stock invested Bitcoin
1,Thu Dec 07 16:46:14 +0000 2017,Tesla rising Anheuser Busch places order electric semis 
0,Thu Dec 07 16:45:15 +0000 2017,Tesla selling 2 billion stock make Model
1,Thu Dec 07 16:40:02 +0000 2017, Tesla rising Anheuser Busch places order electric semis TSLA BUD 
1,Thu Dec 07 16:35:13 +0000 2017,Things To Know Tesla rising Anheuser Busch places order electric semis TSLA BUD 
1,Thu Dec 07 16:34:24 +0000 2017,Tesla rising Anheuser Busch places order electric semis TSLA BUD 
1,Thu Dec 07 16:33:04 +0000 2017,Tesla rising Anheuser Busch places order electric semis TSLA BUD Seth Archer
1,Thu Dec 07 16:32:18 +0000 2017,New post Tesla rising Anheuser Busch places order electric semis TSLA BUD 
1,Thu Dec 07 16:32:09 +0000 2017,Tesla rising Anheuser Busch places order electric semis TSLA BUD johnangel1977
1,Thu Dec 07 16:30:15 +0000 2017,Business Insider Tesla rising Anheuser Busch places order electric semis Bus 
1,Thu Dec 07 16:26:20 +0000 2017,Tesla rising Anheuser Busch places order electric semis TSLA BUD 
1,Thu Dec 07 16:14:08 +0000 2017,Tesla rising Anheuser Busch places order electric semis
1,Thu Dec 07 16:13:11 +0000 2017,businessinsider Tesla rising Anheuser Busch places order electric semis
0,Thu Dec 07 16:12:23 +0000 2017,Tesla rising Anheuser Busch places order electric semis Thu Dec 10 31 00 rising Anheuser Busch places order electric semis Thu Dec 10 28 00 V Tesla rising Anheuser Busch places order electric semis Thu Dec 00 44 00 Reuters Says Tesla Model S X Are Often Flawed Update Tesla Responds Thu Dec 05 45 00 TSLA stock stops going downgrade won t red best bet Buy Buy Buy Thu Dec 47 52 00 Tesla stock downgraded sell brokerage firm signs Model demand starting flag TSLA Thu Dec 15 41 00 Tesla stock downgraded sell signs Model demand starting flag Thu Dec 13 23 00 All Tech Investing The Best Stocks Buy Instead Apple Tesla Thu Dec 55 41 00 I tempted TED Talk juxtaposes Tesla stock chart tweets It titled Egos Kill Thu Dec 47 11 00 starting regular customer deliveries week Buy stock late Thu Dec 41 41 00 RT TSLA like money year end it s Tec left upside Thu Dec 36 06 00 As General Electric Co GE Stock Price Declined Holder Pinnacle Associates LTD Lowered Its Thu Dec 30 35 00 Tesla Model Non Employee Deliveries To Start Next Week Thu Dec 22 15 00 Tesla penny stock Thu Dec 07 57 00 Yea Tesla stock brawling baby girl Thu Dec 35 34 00 22 Minutes Spent Reviewing Tesla Model Touch Screen Video Thu Dec 34 13 00 TSLA Tesla stock downgraded sell signs Model demand starting flag Thu Dec 20 19 00 Tesla stock downgraded sell signs Model demand starting flag Cascend Securiti Thu Dec 16 58 00 Tesla stock downgraded sell signs Model demand starting flag Cascend Securities says n Thu Dec 56 25 00 Tesla Mtrs TSLA Stake Has Upped Jasper Ridge Partners Lp Thu Dec 08 40 00 RT China s Tencent quietly surrounding US tech giants Trojan horse investments Thu Dec 49 22 00 RT Upping odds SpaceX Tesla merger sooner years Tesla stock falls significantly WHY Complete c Thu Dec 27 01 00 Turner Investments LLC Purchases New Stake Tesla Inc TSLA Thu Dec 23 26 00 SpaceX Is Just Thing Help Tesla Inc TSLA Stock Stock Market News US News Thu Dec 52 51 00 I m baffled happened yesterday Tesla stock Did really somebody Thu Dec 31 13 00 btw I couldn t Duracell AA batteries Amazon yesterday stock stock I surprised hmm Thu Dec 18 06 00 RT US STOCK MARKET A TESLA LED CAR CRASH IS COMING Thu Dec 12 10 00 DHUnplugged The Best Stock Market The World Listener Kevin asks emerging market th Thu Dec 00 57 00 TESLA STOCK ON IT S WAY UP TO MARS Thu Dec 15 03 00 this Tesla stock doing forces unfuckwithable measuring panel gaps fools Thu Dec 37 36 00 supporting recovery happens O2chamber I reading material I hear Thu Dec 39 22 00 Only car beating stock GTR Indian horsepower shit amp new Tesla roadster just dropped d Thu Dec 08 05 00 Morgan Stanley says Tesla SpaceX merger makes sense TSLA Thu Dec 14 11 00 Curious technical knowledge important believe BTC replace USD day Thu Dec 56 31 00 Tesla s stock 5 6 Thu Dec 29 38 00 Anyone decent cobalt stock looks good AUZ pick Thu Dec 05 10 00 RT So Tesla s stock just gained points today Apparently happened Morgan Stanley Hey Thu Dec 35 00 00 I m stock market crash Hell extreme overvaluation Amazon Tesla al Wed Dec 57 46 00 I m sorry really cool Tesla rocks stock S car owner I love it Wed Dec 00 04 00 tech giant quietly investing firms considered rivals Wed Dec 47 17 00 stock ended today 6 today That s 5 increase Wed Dec 32 16 00 Sell Tesla stock yet Wed Dec 21 33 00 So Tesla s stock just gained points today Apparently happened Morgan Stanley Hey and Wed Dec 12 05 00 No Earth Quake s near LA Gimmick Gooseing Taayers Stock TESLA Wed Dec 56 53 00 TESLA STOCK WHERE IS IT GOING Wed Dec 36 22 00 Is Buying Stock Like Tesla Inc TSLA After Such Increase Winning Strategy Wed Dec 36 21 00 Tesla Inc TSLA Stock Price Increases Today Wed Dec 36 21 00 Usa Financial Portformulas Has Cut Mks Instrument MKSI Stake 592146 Share Price Rose Wed Dec 30 13 00 RT TSLA If like stock long term fine buying now Short term wait 6 Wed Dec 46 47 00 And major investment analysts recommending selling TSLA stock company s just worth Wed Dec 45 37 00 RT We giving away free shares FB Google Google Tesla Amazon courtesy Log to Wed Dec 43 07 00 We giving away free shares FB Google Google Tesla Amazon courtesy Wed Dec 38 13 00 Whittier Trust Co Of Nevada Position Tesla Mtrs Com TSLA Cut Stock Price Rose Wed Dec 32 51 00 Usa Financial Portformulas Has Cut Mks Instrument MKSI Stake 592146 Wed Dec 09 33 00 SpaceX Is Just Thing Help Tesla Stock U S News amp World Report Wed Dec 01 02 00 We Test Out The Tesla Model S Electric GT Race Car Video Wed Dec 50 00 00 Morgan Stanley says merger Tesla SpaceX makes lot sense Wed Dec 25 46 00 TSLA Stock Why Should Investors Reconsider Tesla Inc And Las Vegas Sands Corp Wed Dec 18 25 00 FB Stocks Reverse FANGs Rise J amp J Lifts Dow This Drone Maker Spikes Wed Dec 14 14 00 SpaceX Is Just Thing Help Tesla Stock Wed Dec 11 15 00 TSLA Take Off like Tesla lol F ing crazy stock Wed Dec 09 06 00 RT Morgan Stanley says Tesla SpaceX merger makes sense TSLA Wed Dec 07 54 00 TSLA cult stock bet cult stock unless short term trading Wed Dec 59 00 00 Stock Futures Down Chip Stocks FANGs Weaken Tesla Rated Sell Stock News amp Stock Market Analysis IBD Wed Dec 47 44 00 RT Napa Valley Tesla SpaceX Is Just Thing Help Tesla Stock U S News amp World Report Wed Dec 30 35 00 Napa Valley Tesla SpaceX Is Just Thing Help Tesla Stock U S News amp World Report Wed Dec 08 03 00 Like I think I feel like idiot investing I way younger Same fucking Tesla stock Wed Dec 48 58 00 s stock TSLA favorite investors year But company profit me Wed Dec 39 48 00 RT TSLA current stock price 307 38 Wed Dec 36 21 00 Unisys UIS Shares Declined While Public Employees Retirement System Of Ohio Lowered Its Wed Dec 35 19 00 Trim BTC gains invest TSLA stock Repeat All time high Wed Dec 30 03 00 TSLA current stock price 307 38 Wed Dec 15 54 00 Stock Futures Down Chip Stocks FANGs Weaken Drone Maker Spikes Wed Dec 50 24 00 RT Tesla stock downgraded sell signs Model demand starting flag TSLA It s circumst Wed Dec 38 24 00 Tesla up Points Wed Dec 17 08 00 If Tesla stock prices collapse Tesla prove bubbles Wed Dec 14 37 00 Should lt b gt Elon Musk lt b gt merge Tesla SpaceX NEW YORK CNNMoney Tesla s stock has Wed Dec 09 32 00 Tesla P90DL To P100D Upgrades Are Finally Being Performed Wed Dec 09 04 00 In case wanted know tho buying stock Tesla really risky Wed Dec 07 35 00 The Real Reason Tesla Inc Is Likely Pull Back From Here Wed Dec 57 25 00 Stock Futures Down Chip Stocks FANGs Weaken Tesla Rated Sell Wed Dec 49 08 00 I got stock market month st time I quickly learned hate Wed Dec 40 30 00 RT LaMonicaBuzz Tesla hot stock year it s cooled bit lately Morgan Stanley wonders e Wed Dec 37 13 00 The Bull Case Tesla Inc Stock Is Starting Crack Wed Dec 33 03 00 Hey Cramer I bet said thing internet came online Wake new tec Wed Dec 28 18 00 Straight stock market Should Elon Musk merge Tesla SpaceX Wed Dec 22 40 00 Tesla hot stock year it s cooled bit lately Morgan Stanley wonders c Wed Dec 20 09 00 WHO DOESN T LIKE A GOOD JOKE Model demand coming down sold built Take GM Take Wed Dec 14 35 00 But I guess that s typical logic chain OneCoiners Becau Wed Dec 03 23 00 Tesla Inc Stock Is Heading Return Earth Soon Wed Dec 02 06 00 Tesla Inc Stock Is Heading Return Earth Soon The stock chart Tesla Inc Wed Dec 02 01 00 SpaceX Is Just Thing Help Tesla Stock According Jonas number of Wed Dec 51 54 00 Inc Stock Is Heading Return Earth Wed Dec 46 33 00 RT Countdown day Many firms claim stock market requires cost cutting amp quarterly returns Yet stock market rewards genu Wed Dec 44 25 00 Tesla Finally Lands Win In Ongoing Direct Sales Battle Wed Dec 43 06 00 0 70 stock raise following days Wed Dec 43 05 00 Stock Futures Down Chip Stocks FANGs Weaken Tesla Rated Sell Wed Dec 16 02 00 RT Stock Futures Down Chip Stocks FANGs Weaken Wed Dec 15 24 00 Tesla Inc Stock Is Heading Return Earth Soon Wed Dec 05 25 00 SpaceX Is Just Thing Help Tesla Stock Wed Dec 57 37 00 Tesla stock downgraded sell signs Model demand starting flag can t new vehicles Wed Dec 52 20 00 The Bull Case Tesla Inc Stock Is Starting Crack There s long way for Wed Dec 43 41 00 stock like spanish stock going jump day advise bette Wed Dec 41 53 00 Tesla shit stock Old I haven t sold yet Wed Dec 40 23 00 Choppy markets Why we ve cautious Wed Dec 34 55 00 Stock Futures Down Chip Stocks FANGs Weaken Wed Dec 31 06 00 Stock Futures Down Chip Stocks FANGs Weaken Wed Dec 29 20 00 RT Want surprise friends fave employee Our Pack gift card includes Apple Disney Facebook Tesla Google Go Wed Dec 26 32 00 Bagholders picked 1 12 million Tesla stock Wed Dec 14 07 00 TSLA AMZN FB F Tesla Inc Stock Is Heading Return Earth Soon Wed Dec 05 27 00 The Bull Case Tesla Inc Stock Is Starting Crack Wed Dec 05 04 00 TESLA STOCK IS A BEAST Forget truck Elon Musk Tesla stock beast CNNMoney Wed Dec 24 09 00 TSLA The Bull Case Tesla Inc Stock Is Starting Crack Wed Dec 11 58 00 Adam Jonas insufferable Michael Lewitt good write here Sti Wed Dec 09 59 00 If want risk surmise Bitcoin reach 200 long TSLA reaches 700 And you ll able hedge Wed Dec 09 15 00 Tesla Semi Autopilot Sensors Pointed Out Potential LiDAR Video Wed Dec 08 43 00 TSLA Stock Quote Inc Summary Investopedia Wed Dec 02 17 00 Tesla stock downgraded sell signs Model demand starting flag Cascend Securities says new customers Wed Dec 56 16 00 Missouri Appeals Court Hands Win To Electric Car Maker Tesla Kcur KCUR Wed Dec 42 42 00 US STOCK MARKET A TESLA LED CAR CRASH IS COMING Wed Dec 48 08 00 Ranny s blog US STOCK MARKET A TESLA LED CAR CRASH IS COMING Wed Dec 51 01 00 RT Tesla stock downgraded sell signs Model demand starting flag MarketWatch Wed Dec 47 04 00 Tesla stock downgraded sell signs Model demand starting flag MarketWatch Wed Dec 00 56 00 Tesla TSLA stock downgraded sell hold Cascend lagging customer demand Discover more Wed Dec 46 13 00 Elon Musk sending Tesla Mars getting stock price up Wed Dec 53 44 00 folks said Tesla like stock analyze was insanity Wed Dec 51 41 00 Tesla suffers negative pressures Analysis 12 2017 Tesla s stock TSLA fell intraday lev Wed Dec 51 28 00 Stay tuned Musk corrupted Tesla survive won t Space X uncertain Wed Dec 42 19 00 Because CEOs majority pay stock options To make stock worth m Wed Dec 15 11 00 Many times I hear say can t afford Tesla If love cars can work hours Inve Wed Dec 14 25 00 Oops Thought like Dropping like flies But hey just t Wed Dec 30 21 00 Did Tesla Motors Inc TSLA Stock Just Have Its Amazon Moment Wed Dec 31 15 00 if u got money shit Tesla stock NOW Wed Dec 08 03 00 Do know Invest stocks stock broker I want invest Tesla thanks Wed Dec 22 19 00 Tesla stock downgraded sell signs Model demand starting flag MarketWatch TSLA Wed Dec 20 02 00 TSLA stock downgraded sell signs Model demand starting flag Wed Dec 15 08 00 US STOCK MARKET A TESLA LED CAR IS COMING Wed Dec 55 06 00 Investors apparently dumping Tesla Stocks Model production woes bunch idiots Tesla has Wed Dec 49 26 00 And that s reason buy it Wed Dec 40 29 00 Hasn t Tesla raised 9x SpaceX has I can t imagine SpaceX public like Tesla non public combined Wed Dec 31 06 00 Upping odds SpaceX Tesla merger sooner years Tesla stock falls significantly WHY C Wed Dec 27 16 00 RT Another excuse Tesla stock rise Lol Wed Dec 17 39 00 Tesla Stock Could Fall Next Year Wed Dec 00 21 00 US STOCK MARKET A TESLA LED CAR CRASH IS COMING Wed Dec 47 41 00 Tesla demand waning customers wait new vehicles says analyst Cascend downgraded Wed Dec 20 08 00 RT Well good you You smart saved clients profit Just curiosity think Tesl Wed Dec 04 43 00 US STOCK MARKET A TESLA LED CAR CRASH IS COMING InvestmentWatch Tue Dec 56 33 00 Another excuse Tesla stock rise Lol Tue Dec 26 18 00 Missouri Appeals Court Hands Win To Electric Car Maker Tesla KCUR Tue Dec 25 42 00 Tesla multi billion do Tue Dec 24 49 00 RT It crazy thing focused comes hit earnings productio Tue Dec 45 19 00 Tesla stock downgraded sell signs Model demand starting flag Tue Dec 33 05 00 Regardless opinion TSLA stock good fight good win Tesla wins legal battle Missour Tue Dec 24 18 00 RT A credit bubble Tesla hype GM s EV fightback kick Crash2 know likely MSM says Tue Dec 19 56 00 If want risk buy CME bitcoin futures Sunday Eric Ross Cascend TSLA
0,Tue Dec 05 20:32:00 +0000 2017,Want surprise friends fave employee Our Pack gift card includes Apple Disney Facebook Tesla Googl 
-1,Tue Dec 05 20:05:26 +0000 2017,I really hope merge Two disruptive companies awesome stock 
1,Tue Dec 05 19:40:11 +0000 2017,I stock Tesla One days I convert Tesla car Don t THAT stock 
-1,Tue Dec 05 19:32:47 +0000 2017,Wall Street BIG OIL Puppets trying drive shares negative propa 
1,Tue Dec 05 19:30:58 +0000 2017,US STOCK MARKET A TESLA LED CAR CRASH IS COMING
-1,Tue Dec 05 19:24:26 +0000 2017, Jonas tsla biggest bull joined Tesla going bankrupt crowd I sold shares All indications stock 
-1,Tue Dec 05 19:20:42 +0000 2017,Jonas tsla biggest bull joined Tesla going bankrupt crowd I sold shares All indications thi 
-1,Tue Dec 05 19:07:51 +0000 2017, Tesla stock downgraded sell hold Cascend lagging customer demand
-1,Tue Dec 05 18:56:53 +0000 2017,Tesla Stock Could Fall Next Year OR MORE 
-1,Tue Dec 05 18:53:11 +0000 2017,TESLA IS TOAST also consider refunds requested people learn car k k Tesla 
0,Tue Dec 05 18:49:17 +0000 2017,The ppl money chinese eu investors easy access tesla stock 
0,Tue Dec 05 18:29:03 +0000 2017,So SpaceX travelling world chasing a 
-1,Tue Dec 05 18:14:24 +0000 2017,Well that s wrong Cryptos don t boundaries Tesla stock does I don 
1,Tue Dec 05 18:14:07 +0000 2017,Motherload Of Tesla Model Vehicles Spotted Multiple Locations
1,Tue Dec 05 18:10:24 +0000 2017, world owns tesla stock
1,Tue Dec 05 18:00:25 +0000 2017,Tesla Model S P100D Seeks Spotlight By Taking On Stock Ferrari FF
1,Tue Dec 05 17:47:14 +0000 2017,Tesla Has Underperformed Its Peers Last Months
-1,Tue Dec 05 17:35:56 +0000 2017,Technology stocks edged higher today Tesla Inc stock downgraded sell hold Cascend Securities and 
1,Tue Dec 05 17:31:27 +0000 2017,Elon Musk mocks short sellers Tesla stock surge
-1,Tue Dec 05 17:30:03 +0000 2017, TSLA current stock price 305 26 
-1,Tue Dec 05 17:27:08 +0000 2017,Model S P100D Seeks Spotlight By Taking On Stock FF
1,Tue Dec 05 17:01:43 +0000 2017,Why Are Analysts Turning Negative Tesla December TSLA GM F FCAU
-1,Tue Dec 05 17:01:42 +0000 2017,Tesla believers sceptics momentum stock Lots clever ppl paying attn se 
-1,Tue Dec 05 16:51:09 +0000 2017,Tesla stock downgraded sell signs Model demand starting flag 
-1,Tue Dec 05 16:22:24 +0000 2017,Tesla Cascend Securities downgrades Sell Hold 250 price target signs Model demand starting t 
-1,Tue Dec 05 16:21:02 +0000 2017,Tesla stock downgraded sell signs Model demand starting flag TSLA It s cir 
-1,Tue Dec 05 16:20:43 +0000 2017,New post Tesla s stock downgraded sell analyst cites demand lag 
-1,Tue Dec 05 16:14:15 +0000 2017,Porsche CEO Says Automaker Is Losing Customers To Tesla
-1,Tue Dec 05 16:12:15 +0000 2017,Tesla stock downgraded sell signs Model demand starting flag via 
-1,Tue Dec 05 16:11:17 +0000 2017,Tesla stock downgraded sell signs Model demand starting flag Cascend Securities says new customers w 
-1,Tue Dec 05 16:10:35 +0000 2017,Tesla s stock downgraded sell analyst cites demand lag
-1,Tue Dec 05 15:49:04 +0000 2017, In San Francisco crime tagged neighbor s Tesla afterhours stock price His Tesla appears u 
-1,Tue Dec 05 15:32:36 +0000 2017,Tesla stock downgraded sell hold Cascend lagging customer demand Tesla Inc 
0,Tue Dec 05 15:30:23 +0000 2017,LACDD stock holders holding tight We know what s going happen super demand lithium nex 
-1,Tue Dec 05 15:11:57 +0000 2017, Tesla s stock downgraded sell analyst cites demand lag
1,Tue Dec 05 14:39:32 +0000 2017,TSportline Shows Us Its Customized Tesla Model Called X Video
-1,Tue Dec 05 14:31:12 +0000 2017, TSLA downgrade If want risk buy CME bitcoin futures Sunday 
-1,Tue Dec 05 14:27:28 +0000 2017, TSLA Tesla NASDAQ TSLA downgraded analysts Cascend Securities Not Ranked hold rating 
-1,Tue Dec 05 14:13:02 +0000 2017,Tesla stock downgraded sell hold Cascend lagging customer demand TSLA
-1,Tue Dec 05 14:12:07 +0000 2017,Tesla stock downgraded sell hold Cascend lagging customer demand
-1,Tue Dec 05 14:09:22 +0000 2017,Tesla stock downgraded sell hold Cascend lagging customer demand MKW 
-1,Tue Dec 05 14:06:22 +0000 2017,MarketWatch Tesla s stock downgraded sell analyst cites demand lag
-1,Tue Dec 05 14:01:20 +0000 2017,Tesla stock downgraded sell hold Cascend lagging customer demand 
-1,Tue Dec 05 13:59:01 +0000 2017,New post Tesla stock downgraded sell hold Cascend lagging customer demand
-1,Tue Dec 05 13:57:14 +0000 2017,Tesla downgraded sell vs hold Cascend
-1,Tue Dec 05 13:44:28 +0000 2017, Wannabe Clearly stock
-1,Tue Dec 05 12:36:49 +0000 2017,Tesla s stock decline past month shit im tesla man
-1,Tue Dec 05 12:31:24 +0000 2017,Guggenheim Has Just Reaffirmed 430 0 Target Price Per Share Tesla Motors NASDAQ TSLA 
-1,Tue Dec 05 12:31:08 +0000 2017,I think CPP saying Tesla fails Elon s leveraged 
-1,Tue Dec 05 12:28:52 +0000 2017,Yea probobly enter stock car
1,Tue Dec 05 12:16:08 +0000 2017, US STOCK MARKET A TESLA LED CAR CRASH IS COMING 
1,Tue Dec 05 11:34:10 +0000 2017,New Tesla Roadster Design Sketches Clay Model Images Surface
-1,Tue Dec 05 09:54:40 +0000 2017, IABATO It s All Bollocks And That s Official Never truer today 
-1,Tue Dec 05 09:35:34 +0000 2017,IABATO It s All Bollocks And That s Official Never truer today 
1,Tue Dec 05 09:18:19 +0000 2017, The Slog US STOCK MARKET A TESLA LED CAR CRASH IS COMING The media s macro portrait everything s alright really 
1,Tue Dec 05 09:17:15 +0000 2017,The Slog US STOCK MARKET A TESLA LED CAR CRASH IS COMING The media s macro portrait everything s alright re 
0,Tue Dec 05 09:07:25 +0000 2017,A credit bubble Tesla hype GM s EV fightback kick Crash2 know likely M 
-1,Tue Dec 05 09:06:18 +0000 2017, s ability avoid crackup markets December bodes 
1,Tue Dec 05 08:58:36 +0000 2017, US STOCK MARKET A TESLA LED CAR CRASH IS COMING
1,Tue Dec 05 06:03:37 +0000 2017,Well good you You smart saved clients profit Just curiosity thi 
-1,Tue Dec 05 05:22:43 +0000 2017,Yea TSLA great stock make money considered company long term investment
-1,Tue Dec 05 04:58:44 +0000 2017, Tesla s Fatal Flaw That Bulls Are Ignoring Seeking Alpha Tesla s Fatal Flaw That Bulls Are Ignoring 
-1,Tue Dec 05 04:35:09 +0000 2017,Tesla s Fatal Flaw That Bulls Are Ignoring Seeking Alpha Tesla s Fatal Flaw That Bulls Are I 
-1,Tue Dec 05 04:09:14 +0000 2017, You trying trick book stock price soaring Guess market catching wi 
1,Tue Dec 05 03:16:23 +0000 2017,Tesla is viewed cultivation clothesline fifty fifty spite Inventor imaginary capital accord 
1,Tue Dec 05 02:46:14 +0000 2017,Why Tesla s Stock Could Rally Into Yearend
-1,Tue Dec 05 02:44:55 +0000 2017,Is time short Tesla stock Tick tock 
-1,Tue Dec 05 02:37:50 +0000 2017,Nothing stock market guaranteed TSLA 
-1,Tue Dec 05 02:07:10 +0000 2017,people buying stock values price game town 
0,Tue Dec 05 02:04:40 +0000 2017,If Tesla said make k vehicles annually model ground breaking news and 
-1,Mon Dec 04 23:56:01 +0000 2017,I think Elon lost mind More weird info bad news Tesla It seems 
0,Mon Dec 04 23:50:08 +0000 2017, s quietly surrounding Trojan horse investments stake 
0,Mon Dec 04 23:01:55 +0000 2017,How teaming Game franchise like Forza Motorsport convert Tesla real world sim 
1,Mon Dec 04 21:50:31 +0000 2017, Why Tesla s Stock Could Rally Into Yearend
1,Mon Dec 04 21:25:11 +0000 2017, TSLA hit record territory yesterday simple reason I m avoiding ht 
1,Mon Dec 04 21:16:35 +0000 2017,i8 hp My M stock close Cobb flash Tesla whipping BMWs arse electric 
1,Mon Dec 04 21:10:27 +0000 2017,Why Tesla s Stock Could Rally Into Yearend
-1,Mon Dec 04 21:04:53 +0000 2017, SPWR FSLR With Solar Stock cheap big car company acquire Solar company compete Tesla 
-1,Mon Dec 04 21:04:42 +0000 2017,oh I don t actually know car just want try pat 
-1,Mon Dec 04 20:22:18 +0000 2017,Why Tesla Is Now The Most Valuable U S Car Company r Stock Picks
1,Mon Dec 04 20:14:26 +0000 2017,Putin Likes Tesla Knocks Electric Vehicles
-1,Mon Dec 04 20:07:13 +0000 2017,Lithium Americas best lithium stock It s located Nevada 
1,Mon Dec 04 20:04:10 +0000 2017,Tesla stock dropped days despite big breakthrough renewable energy Australia
1,Mon Dec 04 19:54:21 +0000 2017,I finally money mouth bought stock Go gadget 
1,Mon Dec 04 19:48:05 +0000 2017,TESLA stock rally coming up 
1,Mon Dec 04 19:13:21 +0000 2017,Why Another Tesla Inc Stock Rally Could Be Just Days Away
-1,Mon Dec 04 19:08:12 +0000 2017,favorite stock portfolio A rebound eected soon announ 
1,Mon Dec 04 18:09:22 +0000 2017,Daimler Reportedly Rents Tesla Model X Tests Dismantles It
0,Mon Dec 04 18:08:33 +0000 2017, TSLA If like stock long term fine buying now Short term wait 6 
1,Mon Dec 04 17:57:11 +0000 2017,Why Another Tesla Inc Stock Rally Could Be Just Days Away 
-1,Mon Dec 04 17:56:30 +0000 2017, TSLA current stock price 303 45 
-1,Mon Dec 04 17:30:02 +0000 2017, TSLA current stock price 303 45 
1,Mon Dec 04 17:27:00 +0000 2017, Is tide turning Tesla short sellers 
1,Mon Dec 04 17:20:21 +0000 2017,The stock price beast I d accept arguments direction Fact tesla owns 
-1,Mon Dec 04 17:05:08 +0000 2017,Don t know Tencent yet You soon 
-1,Mon Dec 04 16:51:39 +0000 2017,Don t C leaving WD suffer C handing reins new He stays o 
-1,Mon Dec 04 16:18:18 +0000 2017,I used Tesla stock 20 Not anymore It s 300
-1,Mon Dec 04 16:05:52 +0000 2017,Analyst Predicts Musk Will Leave Tesla
1,Mon Dec 04 16:00:52 +0000 2017,The secret Steve Jobs Elon Musk s success according Apple Tesla executive 
1,Mon Dec 04 15:59:04 +0000 2017, TSLA Why Another Tesla Inc Stock Rally Could Be Just Days Away 
-1,Mon Dec 04 15:14:19 +0000 2017, There s going obstacles challenges fuck it I know option contract flipped 
1,Mon Dec 04 15:10:06 +0000 2017,Is tide turning Tesla short sellers 
0,Mon Dec 04 13:59:24 +0000 2017,China s Tencent quietly surrounding US tech giants Trojan horse investments 
-1,Mon Dec 04 13:21:18 +0000 2017, Time To Short Tesla Inc TSLA Stock Another Analyst Being A Jerk 
1,Mon Dec 04 13:10:09 +0000 2017,buy hat I d love able buy shares tesla not 
1,Mon Dec 04 13:05:40 +0000 2017,Tencent s trojan horse investments Well played Pony Ma 
-1,Mon Dec 04 13:04:02 +0000 2017, GLUU Glu Adds Tesla s Chief People Officer Gabrielle Toledano Board Directors From Stock News Alerts App
-1,Mon Dec 04 12:50:49 +0000 2017, Tesla Inc TSLA Beats Big Battery Deadline Stock Market News US News 
1,Mon Dec 04 12:04:13 +0000 2017,Tesla Model Finally Gets Radio Odometer In Latest Software Update
-1,Mon Dec 04 11:54:52 +0000 2017, BIGGEST sponsors B white kk supporters family African Americans products Nigger word Latino A 
-1,Mon Dec 04 11:54:45 +0000 2017,BIGGEST sponsors B white kk supporters family African Americans products Nigger word L 
-1,Mon Dec 04 11:23:49 +0000 2017,Tencent Spotify stock swap follows investments Tesla Snap 
0,Mon Dec 04 10:26:40 +0000 2017, You know tweeting year YOU know WE CRASH US Stock market MANY times 
0,Mon Dec 04 10:26:34 +0000 2017,You know tweeting year YOU know WE CRASH US Stock market MAN 
-1,Mon Dec 04 10:17:25 +0000 2017,Just witnessed mass adoption An ultra conservative investor friend sold amp stock an 
-1,Mon Dec 04 10:14:43 +0000 2017,I ll t 
0,Mon Dec 04 08:22:08 +0000 2017,Countdown day Many firms claim stock market requires cost cutting amp quarterly returns Yet stock market reward 
0,Mon Dec 04 07:39:22 +0000 2017, China s Tencent quietly surrounding US tech giants Trojan horse investments 
-1,Mon Dec 04 06:52:39 +0000 2017, Perhaps enemies Tencent s enemies look forward big checks 
-1,Mon Dec 04 06:21:00 +0000 2017,Even Tesla stock goes zero bonds default pennies on the dollar factories software reposi 
1,Mon Dec 04 05:42:09 +0000 2017, stock falls GOP unveils tax plan eliminates electric car subsidy TSLA
0,Mon Dec 04 05:05:59 +0000 2017, Not according Supreme Court Energy Independence Like wind solar My Tesla dust road Sell t 
-1,Mon Dec 04 04:59:07 +0000 2017,Sunday night stock tip TESLA If think Tesla automobile manufacturer learn young 
0,Mon Dec 04 04:45:01 +0000 2017, s quietly surrounding tech giants horse investments 
-1,Mon Dec 04 04:31:02 +0000 2017,Tesla Is Now Most Shorted Stock In U S Stock Market Elon Musk Is Chill About It Though
-1,Mon Dec 04 04:19:14 +0000 2017,There s going obstacles challenges fuck it I know option contract fli 
-1,Mon Dec 04 03:49:06 +0000 2017,Invest Amazon Tesla Netflix stock
-1,Mon Dec 04 03:42:04 +0000 2017, Ok love it But stock tesla beating lap time nurburgring 
0,Mon Dec 04 03:22:00 +0000 2017, s quietly surrounding giants example https 
0,Mon Dec 04 03:00:53 +0000 2017, s quietly surrounding giants examp 
-1,Mon Dec 04 02:57:59 +0000 2017,Interesting times ahead stock giants 
-1,Mon Dec 04 02:28:29 +0000 2017,I recant previous statement buying stock Tesla
-1,Mon Dec 04 02:25:53 +0000 2017, One Why double I ll discuss tsla amzn https 
0,Mon Dec 04 00:44:17 +0000 2017,China s quietly surrounding US tech giants Trojan horse investments
1,Mon Dec 04 00:12:56 +0000 2017,I like received investing stock dummies fan goes investing million Tesla
-1,Mon Dec 04 00:08:23 +0000 2017, Stock markets time highs Lowest jobless claims TRILLION added economy Election Consumer confidence 
-1,Sun Dec 03 23:48:40 +0000 2017,One Why double I ll discuss tsla amzn
0,Sun Dec 03 23:47:43 +0000 2017,You re funny guy Hey I m stockholder Tesla think work way double t 
1,Sun Dec 03 23:33:02 +0000 2017, Chart day Look green
1,Sun Dec 03 23:00:13 +0000 2017,First Reported On 03 2017 Tesla stock falls GOP unveils tax plan eliminates electric car subsidy TSLA 
1,Sun Dec 03 21:35:10 +0000 2017,Look stock Tesla YouTube smoke kinds whips The love real
0,Sun Dec 03 21:20:57 +0000 2017,Nope People said Tesla die years claims hand build cars Te 
-1,Sun Dec 03 21:15:33 +0000 2017,Opinion Tesla stock eensive Trading stocks online online trading stocks shares common phen 
1,Sun Dec 03 20:17:40 +0000 2017,Also I m watching Dredd Domnhall too This guy EVERYTHING If stock Te 
0,Sun Dec 03 20:06:26 +0000 2017,Tencent stake Tesla US companies China s Tencent quietly surrounding US tech 
-1,Sun Dec 03 19:13:25 +0000 2017,They fixing timings egoista set drags time VS timing fake 
1,Sun Dec 03 19:03:42 +0000 2017,Next Tesla scheme pump stock Now large touchscreen dash mines Bitcoin 7 The car pay f 
1,Sun Dec 03 18:07:28 +0000 2017,Despite Struggles Tesla Steals Market Share From Rivals
-1,Sun Dec 03 18:01:40 +0000 2017,Mr Musk going Private Big mistake lose Base Public Stock Your Advertising people 
-1,Sun Dec 03 17:34:17 +0000 2017, investing stock using coupon haircut Hey what s yo 
-1,Sun Dec 03 17:24:21 +0000 2017, TSLA current stock price 307 74 
1,Sun Dec 03 17:11:09 +0000 2017,The Latest Tesla Challenger Takes Auto Industry With Stunning Electric Sedan WIRED
0,Sun Dec 03 16:48:28 +0000 2017,China s Tencent quietly surrounding US tech giants Trojan horse investments what T 
-1,Sun Dec 03 16:12:22 +0000 2017,Tesla s Tried And True Method For Raising Funds Works Again
-1,Sun Dec 03 15:45:45 +0000 2017,Reasons Buy TESLA STOCK 
-1,Sun Dec 03 14:38:06 +0000 2017, insider selling means time short cult stock sorry Elon I think genious
-1,Sun Dec 03 14:34:25 +0000 2017,Tencent series significant investments Western companies year
-1,Sun Dec 03 13:37:52 +0000 2017,Tesla Inc TSLA Stock Price Today Zacks 
0,Sun Dec 03 13:37:17 +0000 2017,Not according Supreme Court Energy Independence Like wind solar My Tesla dust road 
0,Sun Dec 03 12:02:26 +0000 2017,Original Tesla Roadster Is Going To Be Out Of This World Literally 
-1,Sun Dec 03 11:23:20 +0000 2017,lot live to Maybe it s good company bad stock JPMorgan new short idea Tesla sha 
-1,Sun Dec 03 11:09:05 +0000 2017,There s simple reason Elon Musk talks price Tesla stock TSLA 
-1,Sun Dec 03 10:05:36 +0000 2017, One prominent investor thinks stock rise like Amazon read here TSLA 
1,Sun Dec 03 09:43:39 +0000 2017,It looks like rumor especially unrelated image thrown in When Porsche bought Nissan G 
0,Sun Dec 03 08:18:00 +0000 2017,Chinas Tencent quietly surrounding US tech giants Trojan horse investments
0,Sun Dec 03 07:52:55 +0000 2017,China s Tencent quietly surrounding US tech giants Trojan horse investments 
1,Sun Dec 03 06:56:22 +0000 2017,Tesla isn t company creating cool electric vehicles anymore Washington Post
-1,Sun Dec 03 06:38:13 +0000 2017,Pony Ma s company Tencent moved stealth founder year making series 
1,Sun Dec 03 06:28:58 +0000 2017,Tencent quickly competitor US market 
1,Sun Dec 03 05:19:17 +0000 2017,I m financial advisor don t listen lol Just disclaimer I need rid T 
1,Sun Dec 03 05:19:15 +0000 2017, Tencent s investments seen contenders Facebook Apple Amazon Google
1,Sun Dec 03 05:10:17 +0000 2017, Tencent series significant investments Western cos As 
1,Sun Dec 03 05:09:56 +0000 2017, Tencent series significant investments Western cos 
1,Sun Dec 03 04:32:32 +0000 2017,Is Tesla Stock Good Investment 
-1,Sun Dec 03 04:30:14 +0000 2017,yeah hold BlackBerry Stock And palm Stock Teslayou re going richI just proved company sucks
1,Sun Dec 03 03:52:45 +0000 2017, imagine energy stations wold business stock batteries bought Tesla and 
-1,Sun Dec 03 03:02:05 +0000 2017, I clarify Tesla stock obviously high based past amp present low believe Tesla s future Place bets 
-1,Sun Dec 03 03:00:24 +0000 2017, Retweeted Elon Musk I clarify Tesla stock obviously high based past amp present low htt 
1,Sun Dec 03 02:20:16 +0000 2017, Bought Tesla stock yesterday anticipation Elon delivering exciting tonight did disappoint 
0,Sun Dec 03 02:00:15 +0000 2017,China s Tencent quietly surrounding US tech giants Trojan horse investments 
0,Sun Dec 03 01:11:46 +0000 2017,China s Tencent quietly surrounding US tech giants Trojan horse investments 
0,Sun Dec 03 01:02:53 +0000 2017,China s Tencent quietly surrounding US tech giants Trojan horse investments
1,Sun Dec 03 00:38:34 +0000 2017,Tencent s investments seen contenders Facebook Apple Amazon Google
1,Sun Dec 03 00:07:28 +0000 2017,Tesla Model Could Put Elon Musk Out Business Hedge Fund Warns
1,Sun Dec 03 00:00:42 +0000 2017, Inflated stock built entirely government subisides This Green Revolution laid bare 
0,Sat Dec 02 23:53:09 +0000 2017,New post China s Tencent quietly surrounding US tech giants Trojan horse investments 
-1,Sat Dec 02 23:43:11 +0000 2017, To clear allegations flying around I paid oil companies diss Tesla I connec 
1,Sat Dec 02 23:41:33 +0000 2017,big force US rivals makes acquisitions strengthen elements succ 
-1,Sat Dec 02 23:30:57 +0000 2017,What adaptations stock Tesla vehicle need driving Martian surface assuming 
0,Sat Dec 02 22:55:02 +0000 2017,make TOO video buy current stock loss Get crazy Like 1200 l 
-1,Sat Dec 02 22:51:09 +0000 2017,Tencent Spotify stock swap follows investments Tesla Snap 
-1,Sat Dec 02 22:30:28 +0000 2017,Eric Branderiz Sells Shares Tesla Inc TSLA Stock
-1,Sat Dec 02 22:17:18 +0000 2017,In danger It s gone This help sales couple week rich white folks rush Tesl 
1,Sat Dec 02 21:47:38 +0000 2017,Tencent Spotify stock swap follows investments Tesla Snap News Automobilnews eu
-1,Sat Dec 02 21:35:52 +0000 2017,Just bought Tesla stock yall better learn stock trade 
-1,Sat Dec 02 21:24:42 +0000 2017,Tencent Spotify stock swap follows investments 
0,Sat Dec 02 21:08:19 +0000 2017,China s Tencent quietly surrounding US tech giants Trojan horse investments CNBC v 
-1,Sat Dec 02 21:02:48 +0000 2017,Tesla stock obviously high based booster 
0,Sat Dec 02 20:46:24 +0000 2017,This day For reason people led believe Tesla products efficient ie lower ent 
1,Sat Dec 02 20:46:19 +0000 2017,Tesla Going At Warp Speed But Lags In Race To Produce Mass Market Electric Cars NPR
1,Sat Dec 02 20:25:45 +0000 2017,Tencent Spotify stock swap follows investments Tesla Snap more 
-1,Sat Dec 02 20:13:06 +0000 2017,Tencent Spotify stock swap follows investments Tesla Snap Deutsche 
-1,Sat Dec 02 20:12:20 +0000 2017,Jaguar I Pace Team Owner Rahal Says Tesla Is Going To Feel The Pain 
0,Sat Dec 02 20:08:28 +0000 2017, China s Tencent quietly surrounding US tech giants Trojan horse investments 
-1,Sat Dec 02 20:08:20 +0000 2017, Tencent Spotify stock swap follows investments Tesla Snap more Chinese billionaire Pony Ma does no 
0,Sat Dec 02 20:07:21 +0000 2017,Ronny Meichsner China s Tencent quietly surrounding US tech giants Trojan horse investments
0,Sat Dec 02 20:03:17 +0000 2017, I ve money THIS IS NOT A SCAM Stocks like groupon Snapchat Tesla Join we ll g 
-1,Sat Dec 02 19:34:44 +0000 2017,Time To Short Tesla Inc TSLA Stock Another Analyst Being A Jerk 
-1,Sat Dec 02 19:13:14 +0000 2017,To clear allegations flying around I paid oil companies diss Tesla I c 
1,Sat Dec 02 18:32:37 +0000 2017,Tesla Ranked Number One On U S Most Innovative Brands List
1,Sat Dec 02 18:01:41 +0000 2017,Tesla Model Long Range electric car tested Motor Trend Green Car Reports
0,Sat Dec 02 18:01:21 +0000 2017,Is Tesla Stock As Good A Buy As A Tesla Car To improve life sit think single m 
0,Sat Dec 02 17:21:33 +0000 2017,lol buffed tesla model s lost stock camaro finna beat pulled roadster
1,Sat Dec 02 17:07:31 +0000 2017,Tesla Turns On World s Largest Battery In Australia
1,Sat Dec 02 15:44:40 +0000 2017,Tesla Model S tanks electric car company s stock
-1,Sat Dec 02 15:27:02 +0000 2017,BTW HOW MUCH TESLA STOCK DOES OBAMA OWN IN OFFSHORE INVESTMENT ACCTS INVESTIGATE THAT 
-1,Sat Dec 02 15:22:12 +0000 2017,Tesla Inc TSLA Beats Big Battery Deadline Stock Market News US News
-1,Sat Dec 02 15:14:32 +0000 2017,Tesla Inc TSLA Beats Big Battery Deadline Stock Market News US News 
1,Sat Dec 02 14:19:13 +0000 2017,As Union Pac UNP Share Price Declined Valley National Advisers Upped Its Stake 1 92 
-1,Sat Dec 02 14:15:23 +0000 2017, Our CEO Vince Mascolo amp Chief Geo Len Kolff Frankfurt Stock Exchange Len w latest EV 0 k 
1,Sat Dec 02 13:31:34 +0000 2017,Please fix update I got egostia I feel cheated money nerfed much 
-1,Sat Dec 02 12:59:21 +0000 2017,As Tesla TSLA Market Valuation Rose Shareholder Eventide Asset Management Lowered Its 
1,Sat Dec 02 12:31:17 +0000 2017,Tesla removed list electric cars eligible subsidies Germany Business Insider
1,Sat Dec 02 12:15:44 +0000 2017,Inflated stock built entirely government subisides This Green Revolution laid bare 
1,Sat Dec 02 11:28:24 +0000 2017, Elon I love stick convictions I little Tesla stock fail 
1,Sat Dec 02 11:21:13 +0000 2017,One carmaker leading India s electric charge isn t Tesla KITV Honolulu
1,Sat Dec 02 11:17:00 +0000 2017, First Reported On 03 2017 Tesla stock falls GOP unveils tax plan eliminates electric car subsidy TSLA https 
-1,Sat Dec 02 09:21:02 +0000 2017,Because know people finally realise good ev sell remaining stock 
1,Sat Dec 02 08:22:39 +0000 2017,Why hell tesla stock shitty update
1,Sat Dec 02 08:11:03 +0000 2017, Wow Square rd held stock ClosingBell Above Facebook Nvidia Tesla Netflix Did one 
1,Sat Dec 02 07:42:53 +0000 2017,Is Tesla Inc TSLA Getting Ready Skyrocket Value Stock News
-1,Sat Dec 02 07:12:22 +0000 2017, Bout look stock market really future
1,Sat Dec 02 06:32:32 +0000 2017,Elon I love stick convictions I little Tesla stock all 
-1,Sat Dec 02 05:43:47 +0000 2017, Gotta play long ball people s dreams aspirations Man pay cost boss Tesla stoc 
-1,Sat Dec 02 05:43:26 +0000 2017,Gotta play long ball people s dreams aspirations Man pay cost boss Tesla stock 
1,Sat Dec 02 05:20:11 +0000 2017,Invest better stock like apple Tesla
1,Sat Dec 02 04:50:12 +0000 2017,Aaaww I m going miss short sellers talking crap Tesla horrible won t 
-1,Sat Dec 02 04:03:34 +0000 2017,I launching f king Tesla Car worlds biggest rocket yeah sure short Tesla Stock 
-1,Sat Dec 02 03:15:45 +0000 2017, i m tryna trade tesla stock bitcoin stock got TWITTER DO YA THING
-1,Sat Dec 02 02:20:08 +0000 2017, Failed US solar company uses global lawsuit leverage cover debts pump stock price working 
1,Sat Dec 02 02:10:47 +0000 2017,If TRULY wanna read FACTS fiction anyone holding Tesla stock complete idiot the m 
1,Sat Dec 02 01:30:50 +0000 2017,Saw article office problem is Can I send field desk Tesla 
-1,Sat Dec 02 01:07:30 +0000 2017, Time To Short Tesla Inc TSLA Stock Another Analyst Being A Jerk 
-1,Sat Dec 02 00:56:09 +0000 2017,Time To Short Tesla Inc TSLA Stock Another Analyst Being A Jerk 
1,Fri Dec 01 23:53:20 +0000 2017,evannex for tesla get repost One prominent investor thinks stock rise 
1,Fri Dec 01 23:42:19 +0000 2017,Tesla Beats Big Battery Deadline
-1,Fri Dec 01 23:08:51 +0000 2017,prolly other s stock Collusion rust belt Union amp oil mongers isn t new gov t iS Union s 
1,Fri Dec 01 22:59:04 +0000 2017,Tesla Beats Big Battery Deadline U S News amp World Report
-1,Fri Dec 01 22:52:12 +0000 2017,tesla stock ventrally I sell best strategy THX 
1,Fri Dec 01 22:34:25 +0000 2017, s stock ended today 3 75 yesterday 
0,Fri Dec 01 22:27:47 +0000 2017,Top Ten Weekend roundup Tesla Amazon A likely bitcoin crash Private sector fights global warming
1,Fri Dec 01 21:56:21 +0000 2017,There issue Tesla surviving subsidies If e 
-1,Fri Dec 01 20:55:29 +0000 2017,i m tryna trade tesla stock bitcoin stock got TWITTER DO YA THING
1,Fri Dec 01 20:17:18 +0000 2017, IMAX short 
1,Fri Dec 01 19:32:22 +0000 2017,JATO Tesla Most Popular Brand In First Months Of
-1,Fri Dec 01 19:21:08 +0000 2017,Failed US solar company uses global lawsuit leverage cover debts pump stock price working 
-1,Fri Dec 01 18:45:49 +0000 2017,We ll see Tesla stands mind stupid stock buy right now I think GM i 
-1,Fri Dec 01 18:29:45 +0000 2017,sorry Tesla stock
1,Fri Dec 01 18:25:15 +0000 2017,Forget truck Elon Musk Tesla stock beast
-1,Fri Dec 01 18:20:24 +0000 2017, throws bank account Tesla stock 
1,Fri Dec 01 18:19:55 +0000 2017, throws money Tesla stock 
-1,Fri Dec 01 18:15:04 +0000 2017, TSLA Time To Short Tesla Inc TSLA Stock Another Analyst Being A Jerk 
1,Fri Dec 01 18:10:43 +0000 2017, throws money Tesla stock 
1,Fri Dec 01 17:42:03 +0000 2017,I d genuinely love buy Tesla stock hear good things corporation publici 
-1,Fri Dec 01 17:30:02 +0000 2017, TSLA current stock price 306 70 
1,Fri Dec 01 17:26:04 +0000 2017,Napa Valley Tesla Tesla Beats Big Battery Deadline U S News amp World Report
0,Fri Dec 01 16:49:28 +0000 2017, First set Model wheels tires eBay 2800 x8 5 40MM offset Made Mexico
-1,Fri Dec 01 16:34:07 +0000 2017,Bout look stock market really future
1,Fri Dec 01 16:01:17 +0000 2017,The Latest Tesla Wannabe Takes Auto Industry With Stunning Electric Sedan WIRED
0,Fri Dec 01 15:57:07 +0000 2017,Tesla s shareholders think electric cars coming going result cash bonanza specifically fo 
-1,Fri Dec 01 15:36:22 +0000 2017,How Buy Tesla Stock Elon Musk Seeks Invest Millions Startups 
-1,Fri Dec 01 15:34:24 +0000 2017,So light quality control problems stock poster child bubble way bu 
1,Fri Dec 01 15:13:40 +0000 2017,Germany removes Tesla subsidies list pricey
-1,Fri Dec 01 15:01:23 +0000 2017,Tesla going build motorcycle eect stock increase
1,Fri Dec 01 14:41:51 +0000 2017,One carmaker leading India s electric charge isn t Tesla CNNMoney
0,Fri Dec 01 14:23:55 +0000 2017,For average twitter users investing things like Tesla Google Apple reach Most folks are 
-1,Fri Dec 01 13:14:18 +0000 2017, Tesla longs gonna ride stock price way 195 Their truly dedicated
-1,Fri Dec 01 13:08:28 +0000 2017, Wall Street Breakfast Tax Concerns Weigh On Stock Futures Stocks Lithium ion revolution Tesla s NASDAQ T 
1,Fri Dec 01 12:53:04 +0000 2017,Many train lines UK electrified But there s solution starts old rolling sto 
1,Fri Dec 01 11:29:58 +0000 2017, Tesla billion revenue year billion year Eventually vehicles electric incr 
1,Fri Dec 01 11:02:46 +0000 2017,I read report major home installer dropped Tesla supplier were 
1,Fri Dec 01 10:56:01 +0000 2017, Tesla Model S tanks electric car company s stock
1,Fri Dec 01 10:07:32 +0000 2017,Tesla shares rising ahead semi truck event TSLA via 
-1,Fri Dec 01 08:07:12 +0000 2017,Straight stock market Australia just switched world s biggest battery
-1,Fri Dec 01 07:55:15 +0000 2017,Tesla TSLA Rating Reiterated Citigroup
-1,Fri Dec 01 07:27:55 +0000 2017,Even year driving I Tesla grin acceleration Glad liked it What s 
-1,Fri Dec 01 07:17:33 +0000 2017,All I want xmas stock in Tesla MW battery flexes muscles early morning delivers MW stored w 
1,Fri Dec 01 05:22:31 +0000 2017,Hey plans splitting tesla stock 
-1,Fri Dec 01 04:48:16 +0000 2017,Yes do But apparently stock present 
0,Fri Dec 01 04:29:35 +0000 2017,Does mean wants invest Tesla stock The world know 
-1,Fri Dec 01 03:53:45 +0000 2017,Retweeted Elon Musk I clarify Tesla stock obviously high based past amp present low 
1,Fri Dec 01 03:45:11 +0000 2017,imagine energy stations wold business stock batteries bought T 
1,Fri Dec 01 03:35:41 +0000 2017, GM builds excellent car Bolt enormous financial advantages in form billions profits over 
1,Fri Dec 01 02:16:10 +0000 2017,Man I love feeling stock continuing
-1,Fri Dec 01 02:08:06 +0000 2017,How Buy Tesla Stock Elon Musk Seeks Invest Millions Startups Elo
1,Fri Dec 01 01:51:53 +0000 2017,Tesla billion revenue year billion year Eventually vehicles electric 
0,Fri Dec 01 00:19:54 +0000 2017,First set Model wheels tires eBay 2800 x8 5 40MM offset Made Mexico 
1,Fri Dec 01 00:18:17 +0000 2017,Battery Production More Tesla Nightmare Battery metals short supply companies race b 
-1,Fri Dec 01 00:11:13 +0000 2017,Provided Tesla following GAAP truthful filing time information availa 
-1,Thu Nov 30 23:35:19 +0000 2017,The fact Tesla s Chief Accounting Officer cashes bit stock month a 
1,Thu Nov 30 22:50:56 +0000 2017, GM builds excellent car Bolt enormous financial advantages in form billions profits 
1,Thu Nov 30 22:35:21 +0000 2017, s stock went 5 That s 43 yesterday That s 16 loss share Approximately 
-1,Thu Nov 30 22:03:25 +0000 2017,I m glad I bought Tesla stock early on I just want buy it 
-1,Thu Nov 30 21:36:45 +0000 2017,One prominent investor thinks stock rise like Amazon read here TSLA 
0,Thu Nov 30 21:32:54 +0000 2017, First Posted 03 2017 Tesla stock falls GOP unveils tax plan eliminates electric car subsidy TSLA
-1,Thu Nov 30 21:20:53 +0000 2017, insider selling means time short cult stock sorry Elon I think genious
-1,Thu Nov 30 21:05:03 +0000 2017,We Tesla Punk W double mod stock 
-1,Thu Nov 30 20:36:44 +0000 2017,Best stocks buy today s stock market Tesla Inc TSLA 
-1,Thu Nov 30 20:34:02 +0000 2017,investing stock using coupon haircut Hey 
-1,Thu Nov 30 20:04:19 +0000 2017,Tesla s stock needs drop lot price buy it 
-1,Thu Nov 30 20:03:55 +0000 2017,First Solar Tesla SolarCity U S s largest solar manufacturers Firsr Solar U S 
-1,Thu Nov 30 19:30:16 +0000 2017,As Tesla INC Call TSLA Stock Price Rose Shareholder Jane Street Group LLC Increased Position
1,Thu Nov 30 19:17:36 +0000 2017,Tesla Semi Examined From A Mechanics Perspective Video
0,Thu Nov 30 19:10:25 +0000 2017,Tesla sustainable enterprise manufacturing standpoint investors buying stock current l Thu Nov 07 58 00 Tesla stock overvalued reason terrible production cars Thu Nov 39 12 00 Tesla great stock Short win Thu Nov 35 17 00 Tesla INC Call TSLA Stock Price Rose While Jane Street Group LLC Boosted 103 17 Thu Nov 26 11 00 Want spot student 307 invest stock skyrockets follow the Thu Nov 08 08 00 Data Shows Tesla Roadster Stole The Semi Show Thu Nov 34 21 00 Stock markets time highs Lowest jobless claims TRILLION added economy Election Consumer Thu Nov 30 02 00 TSLA current stock price 307 74 Thu Nov 06 37 00 on hand Tesla pure bullshit hand Elon genius important stock perfo Thu Nov 51 21 00 Any update zone progress The market needs info financing needed Right Billio Thu Nov 50 48 00 The Tesla stock falling today Thu Nov 48 11 00 Good Tesla stock falling sharply Thu Nov 24 36 00 BMW AG makes ultimate driving machines Tesla Inc s stock that s motoring Thu Nov 04 42 00 Ok love it But stock tesla beating lap time nurburgring Thu Nov 58 40 00 Tesla Model Surprisingly Shows Up At LA Auto Show Thu Nov 53 43 00 Wow Square rd held stock ClosingBell Above Facebook Nvidia Tesla Netflix Did that Thu Nov 51 35 00 Emerging Stocks CLX Gray Television GTN Inc NASDAQ TSLA NYSE CLX NYSE GTN Tesla Thu Nov 43 11 00 RT real estate triple short VIX Tesla stock credit Thu Nov 39 26 00 RT sustainable enterprise manufacturing standpoint investors buying stock current levels a Thu Nov 38 05 00 sustainable enterprise manufacturing standpoint investors buying stock current l Thu Nov 07 01 00 I think owning stock Tesla qualifies you Thu Nov 45 37 00 Tesla opens second huge China charging station electric cars Green Car Reports Thu Nov 46 06 00 it s Mini Stock featured 200 Thu Nov 15 13 00 RT If Elon musk wants save Tesla change company Tesla Blockchain suggest looking at Thu Nov 03 13 00 UK Truckers Knock Tesla Semi Performance Isn t Important Thu Nov 00 14 00 First Posted 03 2017 Tesla stock falls GOP unveils tax plan eliminates electric car subsidy TSLA Thu Nov 24 06 00 JPMORGAN Tesla raise price Model TSLA Thu Nov 27 01 00 Tesla punk w stock WhatsApp 86 alvin com Thu Nov 37 39 00 There time buy Tesla Coherent stock Thu Nov 18 29 00 real estate triple short VIX Tesla stock credit Thu Nov 13 35 00 Wow say TSLA stock car unbelievable Thu Nov 36 48 00 Long TSLA stock I ve got short Tesla coil Thu Nov 30 05 00 You trying trick book stock price soaring Guess market catching reality Thu Nov 39 19 00 Mike I read Tesla truck needs power k homes charging This electric car g Thu Nov 15 30 00 RT Whenever feel marketplace saturated just read article https Wed Nov 59 01 00 Whenever feel marketplace saturated just read article https Wed Nov 55 54 00 RT One Six New Cars World Will Be By I assume One Three New Cars Huge Future TAW BGS LAC Wed Nov 26 31 00 I want stock grey wheels model option aero wheel correct I m Wed Nov 11 10 00 RT Tesla sells stock debt raise 1 2 billion than planned Wed Nov 28 52 00 If Elon musk wants save Tesla change company Tesla Blockchain suggest l Wed Nov 25 45 00 Solar City just merged Tesla via terrible stock scheme it s Pyramid Schemes Boondoggles all Wed Nov 10 55 00 I wish MORE money invest Tesla stock Wed Nov 21 32 00 Tesla Disputes Report Of Numerous Defects On Automotive Production Line Stock News amp Stock Market Analysis IBD Wed Nov 18 33 00 Tesla stock way overpriced companies interested Wed Nov 11 49 00 I remember stock I invested TSLA Tesla money I saved working retail 248 It Wed Nov 06 01 00 s stock ended today 4 That s 1 lower bought shares for he sitting Wed Nov 52 57 00 One Six New Cars World Will Be By I assume One Three New Cars Huge Future TAW Wed Nov 43 11 00 3 jaw dropped I wanted too I money willing lose proud TESLA sto Wed Nov 45 38 00 RT I m invest million durags tesla stock b years I wont twitter i mma butt na Wed Nov 08 13 00 Tesla Model On Autopilot Plus New Walkaround Video Wed Nov 58 53 00 It crazy thing focused comes hit earnings prod Wed Nov 51 22 00 BAHAHAHHA TESLA STOCK DROPPED TEN POINTS TODAY SORRY DUDE Wed Nov 40 46 00 My ex like food chain Tesla just bought gf birthday model major Wed Nov 01 28 00 s stock currently 0 Right 5 share Hopefully stock rises Wed Nov 42 48 00 buying tesla s stock Wed Nov 36 32 00 What s thenews Model3 production TESLA stock drastically Heard sacrificing quality speed Wed Nov 30 02 00 TSLA current stock price 305 30 Wed Nov 24 40 00 FANG stocks luckily Elon cars trucks pull hat support stock price cc Wed Nov 24 23 00 I watching climate change video YouTube I went shower came Jaden Smith rapping Wed Nov 57 55 00 Just grabbed Tesla Stock finally Wed Nov 44 06 00 since Elon Musk embodiment anti public tech solutionism Tesla managed pay stock based compensati 
-1,Wed Nov 29 16:44:00 +0000 2017,If true I dump Tesla stock ASAP
1,Wed Nov 29 16:14:18 +0000 2017, I love directly answers question Tesla s brand equity worth x markup Tesla it 
-1,Wed Nov 29 16:13:19 +0000 2017,Like clockwork Stock drops 10 time release article 
-1,Wed Nov 29 16:07:21 +0000 2017,Tesla stock 12 somebody release article ASAP 
-1,Wed Nov 29 15:52:53 +0000 2017,Haha Tesla s factory caught stock plummeted wouldn t feel same 
1,Wed Nov 29 15:49:10 +0000 2017, Are Strong Bolt Sales Good Bad Tesla Inc Stock 
-1,Wed Nov 29 15:40:25 +0000 2017,Key Levels Watch Tesla Stock Final Week November
0,Wed Nov 29 15:21:37 +0000 2017, TSLA like money year end it s Tec left most 
0,Wed Nov 29 15:21:02 +0000 2017,k stock investment Tesla cuz it s way future cars k stock invest state the 
0,Wed Nov 29 15:02:27 +0000 2017, Spending Bitcoin like selling Tesla stock buy groceries instead just using normal cash
0,Wed Nov 29 14:56:32 +0000 2017,Spending Bitcoin like selling Tesla stock buy groceries instead just using normal cash
-1,Wed Nov 29 14:55:03 +0000 2017, Economy growing Excluding hurricane effects CEA estimates real GDP growth Q3 Stock ma 
-1,Wed Nov 29 14:38:24 +0000 2017,Tesla shares nearly double 600 year reach market cap 100 billion 
1,Wed Nov 29 14:33:46 +0000 2017,BREAKING Tesla Model Gets Official EPA Range Rating Of Miles Combined City
-1,Wed Nov 29 14:24:33 +0000 2017,The velocity animal crazy thought Tesla cult stock Bitcoin real CULT KING
-1,Wed Nov 29 13:42:03 +0000 2017,Looking forward Tesla stock jumping Bitcoin play 
-1,Wed Nov 29 13:33:06 +0000 2017,Will Tesla Do Stock Split 
1,Wed Nov 29 12:08:07 +0000 2017,Tesla s Desktop Charger Looks Like Mini Supercharger
0,Wed Nov 29 12:00:54 +0000 2017, 1 Let s talk Tesla bit here You know super hip auto company breaking mold and 
-1,Wed Nov 29 11:14:53 +0000 2017, f tsla fcau gm amzn
-1,Wed Nov 29 11:12:54 +0000 2017,And Tesla buying stock 
1,Wed Nov 29 10:30:30 +0000 2017,Are Strong Bolt Sales Good Bad Tesla Inc Stock 
-1,Wed Nov 29 09:44:23 +0000 2017,FT laughing stock Twitter did drop high school 
1,Wed Nov 29 08:55:31 +0000 2017,HOW TESLA VEHICLE DELIVERIES MEASURE UP WITH THE BIG Currently Stock price GM 2 Fiat Chrysler 1 Fo 
-1,Wed Nov 29 07:24:09 +0000 2017,GreenCar Newz Build fast fix later speed hurts quality workers say
1,Wed Nov 29 06:57:39 +0000 2017,Tesla stock just sign Central Bank related bubbles system Imagine 
1,Wed Nov 29 06:53:54 +0000 2017,My arrogance wants short Tesla I know better touch cult stock I ll start homework 300 
-1,Wed Nov 29 06:42:44 +0000 2017,My step dad stock Tesla alibaba mom Bitcoin Apple stock It s family thang 
