Sat Dec 09 05:49:06 +0000 2017,RT @CNN: Anheuser-Busch is getting Tesla's trucking party started with an order for 40 of its new electric semi-trucks https://t.co/llFoBaS‚Ä¶
Sat Dec 09 05:49:02 +0000 2017,RT @ValaAfshar: US tech companies founded by 1st/2nd generation immigrants üá∫üá∏  Apple Google Facebook Amazon Oracle IBM Uber Yahoo EMC eBay‚Ä¶
Sat Dec 09 05:48:32 +0000 2017,RT @HistoricalPics: Nikola Tesla in his Laboratory testing his ‚ÄúMagnifying Transmitter‚Äù (1904). https://t.co/7QrYv2K6ld
Sat Dec 09 05:48:14 +0000 2017,RT @mihirkotecha: @narendramodi @nitin_gadkari @Dev_Fadnavis  @elonmusk  1st #Tesla Vehicle in India #Mumbai #GreenwichMeridianLogistics  @‚Ä¶
Sat Dec 09 05:47:06 +0000 2017,RT @MusicMaster_123: After almost 2 years with this game I finally have some solid ladder decks almost ready for high ladder. Gonna keep u‚Ä¶
Sat Dec 09 05:46:21 +0000 2017,@elonmusk Thank you for sticking with your dreams for a better world. Truly an inspiration. I take delivery of my‚Ä¶ https://t.co/h58BLkNUya
Sat Dec 09 05:46:19 +0000 2017,Tesla just welcomed this CEO to its board. Here‚Äôs why it‚Äôs a big deal for Silicon Valley.  https://t.co/4vLfspyO6p
Sat Dec 09 05:46:13 +0000 2017,and then /maybe/ NY if my aunt is going to fucking destroy my ass
Sat Dec 09 05:45:54 +0000 2017,RT @themotleyfool: He recommended Amazon in 1997 and Tesla in 2011. And he‚Äôs announcing his newest pick for the best stock to buy now. http‚Ä¶
Sat Dec 09 05:45:49 +0000 2017,Tesla factory fire - DIY Electric Car Forums https://t.co/57n20SUXYl
Sat Dec 09 05:45:35 +0000 2017,@monitor_sur @cnn #LookingForNews.&gt;&gt; CNN #US Anheuser-Busch is getting Tesla's trucking party started with an order‚Ä¶ https://t.co/4pszolLvsy
Sat Dec 09 05:45:32 +0000 2017,30 Stimulating Facts About Nikola Tesla https://t.co/hIMqeSAPBm via @funniestindian.com
Sat Dec 09 05:45:26 +0000 2017,Tech Stocks This Week: Prime Video on Apple TV Tesla's AI Chip and More - Tech Stocks This Week: Prime Video on A‚Ä¶ https://t.co/aQ9Af4IK2m
Sat Dec 09 05:45:17 +0000 2017,It's happening! Preordering of #tesla electric semis @FuturesCentre  https://t.co/HvQ4ghh95M
Sat Dec 09 05:44:56 +0000 2017,I‚Äôm so happy to hear our fellow Americans are getting help with power! Tesla Just Announced Six New Projects to Res‚Ä¶ https://t.co/qyeMeMNRN9
Sat Dec 09 05:44:37 +0000 2017,Tesla model P 85 was sold at a Benz and Beamer auto dealership which was bought completely in litecoin earlier this‚Ä¶ https://t.co/J9mpQsy44h
Sat Dec 09 05:44:36 +0000 2017,RT @BayAreaHumor: The Bay Area gave you:  Uber Netflix Google Apple Twitter Instagram eBay YouTube Tesla Yelp Mac Dre E-40 Too Short Keak‚Ä¶
Sat Dec 09 05:44:35 +0000 2017,RT @ForbesAsia: Electronic vehicle giant @Tesla is facing new competition from Byton a new #EV brand that aims to produce 300000 vehicles‚Ä¶
Sat Dec 09 05:44:03 +0000 2017,Sysco joins major companies like Walmart Anheuser-Busch and DHL as the first customers for Tesla's Semi.‚Ä¶ https://t.co/1aMwtyGpn2
Sat Dec 09 05:43:48 +0000 2017,@CNN I‚Äôll be surprised if Tesla can fulfill that contract!
Sat Dec 09 05:43:16 +0000 2017,The gamble on Tesla's gigafactory in the Nevada desert - The Washington Post https://t.co/ydAbQWWDia
Sat Dec 09 05:42:50 +0000 2017,RT @ClimateReality: Puerto Rico needs an affordable sustainable and reliable source of power. The sun and energy storage got them covered‚Ä¶
Sat Dec 09 05:42:34 +0000 2017,RT @Tesla: Going into plaid https://t.co/OUU9s7CUwI
Sat Dec 09 05:42:27 +0000 2017,@faisalmosta @elonmusk @Tesla @USPS Time to buy $TSLA! üòÇ
Sat Dec 09 05:42:17 +0000 2017,2016: the year that people found out that Tesla teleportation had been achieved 50 years ago by DARPA and classified ever since ......
Sat Dec 09 05:42:11 +0000 2017,RT @CarWale: First ever @Tesla #ModelX arrives in India: https://t.co/l38RiVTdpZ https://t.co/RO0W0pd56K
Sat Dec 09 05:41:52 +0000 2017,@FaZeChange @davidtayar5 @Aukstuolis12 @omniamea @GerberKawasaki GM had built its very firsT EV car in 1993 before‚Ä¶ https://t.co/hzAdXWE7bw
Sat Dec 09 05:41:50 +0000 2017,First ever @Tesla #ModelX arrives in India: https://t.co/l38RiVTdpZ https://t.co/RO0W0pd56K
Sat Dec 09 05:41:33 +0000 2017,RT @MarketWatch: Elon Musk says Tesla is working on its own artificial-intelligence chip https://t.co/LLLZBp91Go https://t.co/j7JEawhV09
Sat Dec 09 05:41:28 +0000 2017,RT @hvgoenka: Top businessman imports the first Tesla in India. My dream car! Hope he gives me a ride. https://t.co/LfRGSbm9hJ
Sat Dec 09 05:41:14 +0000 2017,CNN : Anheuser-Busch is getting Tesla's trucking party started with an order for 40 of its new electric semi-trucks‚Ä¶ https://t.co/MEy9e9XyEi
Sat Dec 09 05:40:58 +0000 2017,RT @europasheffield: How Mercedes got caught trashing a rental Tesla Model X https://t.co/OML7Wv3VIp  https://t.co/w8uFp9Qgra  #Sheffieldis‚Ä¶
Sat Dec 09 05:40:29 +0000 2017,@Mayor_Jeff @alectranews @Tesla Hurrah! I'm volunteering at the shelter this evening so this is good to know
Sat Dec 09 05:40:25 +0000 2017,@sethismorris Had a girl in my preschool named Tesla nicknamed Tessie so... your move Seth.
Sat Dec 09 05:40:25 +0000 2017,RT @ProfMatsuoka: Everyone is raving about FLOPS on #TITANV but the real excitement for #HPC is the HBM2 memory bandwidth at 653GB/s which‚Ä¶
Sat Dec 09 05:40:13 +0000 2017,Anheuser-Busch is getting Tesla's trucking party started with an order for 40 of its new electric semi-trucks‚Ä¶ https://t.co/LM0QEMjvB9
Sat Dec 09 05:40:06 +0000 2017,IT IS ALMOST 2018 and still the same teacher doesn‚Äôt believe the future of Tesla FUCK OFF https://t.co/QDQfgerwmX
Sat Dec 09 05:39:53 +0000 2017,RT @Tesla: More aerodynamic than a Bugatti Chiron https://t.co/kHqoKVnIV2
Sat Dec 09 05:39:45 +0000 2017,BMW i Vision Dynamics Concept : tueuse de Tesla ? https://t.co/3G9SZGb985 #bmwi5
Sat Dec 09 05:39:39 +0000 2017,Please RT if you like!! #luxurycars #luxury #supercars #cars CAR NEWS: The Tesla truck will cost between $..‚Ä¶ https://t.co/M86zD7sUY6
Sat Dec 09 05:39:08 +0000 2017,RT @elonmusk: Payload will be my midnight cherry Tesla Roadster playing Space Oddity. Destination is Mars orbit. Will be in deep space for‚Ä¶
Sat Dec 09 05:39:04 +0000 2017,Self driving semi @Tesla  Wow! Now Wal-Mart and Anheuser busch buweiser #thefureisnow #avoidb ankfees‚Ä¶ https://t.co/LyPKj5yv6F
Sat Dec 09 05:38:58 +0000 2017,RT @WorldAndScience: Tesla Just Announced Six New Projects to Restore Power in Puerto Rico https://t.co/A2UaZYh0Nf
Sat Dec 09 05:38:53 +0000 2017,I liked a @YouTube video https://t.co/3SNaigE2Dx Tesla Motors - JB Straubel - University of Nevada Reno - 10/11/15
Sat Dec 09 05:38:27 +0000 2017,RT @Tesla: BAMF https://t.co/r535Hv4Xz7
Sat Dec 09 05:38:22 +0000 2017,Hey @Tesla I cannot afford your cars can I buy your drivetrain instead?
Sat Dec 09 05:37:43 +0000 2017,Lithuania builds 'dream' Tesla factory with Minecraft https://t.co/16EhXzoExW
Sat Dec 09 05:37:19 +0000 2017,RT @dwddao: @elonmusk @karpathy at #NIPS17 @Tesla event: Self-driving in 12 months AGI in 5-7 years. Tesla builds own hardware kernels an‚Ä¶
Sat Dec 09 05:37:07 +0000 2017,RT @evannex_com: #Tesla designer reveals early design sketch of the new #TeslaSemi truck more here: https://t.co/4Tsvo6hMM8 $TSLA #TeslaMo‚Ä¶
Sat Dec 09 05:36:34 +0000 2017,RT @verge: Elon Musk says Tesla is working on custom AI chips https://t.co/lZg0hfrG4F https://t.co/5UXEyyXYHJ
Sat Dec 09 05:36:19 +0000 2017,CNN: Anheuser-Busch is getting Tesla's trucking party started with an order for 40 of its new electric semi-trucks‚Ä¶ https://t.co/DvkC9bqtw9
Sat Dec 09 05:36:12 +0000 2017,i don't wanna go to Missouri then the weekend after that is the cookie crisp wolf it's confirmed
Sat Dec 09 05:36:03 +0000 2017,@nashwolf9347 @matigary @elonmusk @nashwolf9347 when did Tesla start making rockets? I thought only matigari didnt‚Ä¶ https://t.co/OT5qxwOQIT
Sat Dec 09 05:35:25 +0000 2017,RT @Smerity: Full house for @Tesla's conversation on AI featuring @shivon @karpathy @elonmusk and Jim Keller https://t.co/0NetRKUWHr
Sat Dec 09 05:35:16 +0000 2017,RT @AerisM2M: What's taking so long for driverless cars to go mainstream? https://t.co/uMhHoHxwvf via @FortuneMagazine #connectedcar #IoT #‚Ä¶
Sat Dec 09 05:35:11 +0000 2017,MansionGlobal: Here's a "shocking" deal in Hong Kong‚Äîbuy an apartment get a Tesla https://t.co/BLN8P3j1Jl https://t.co/xssEHoUJkn
Sat Dec 09 05:35:09 +0000 2017,@drivingmzstacey @Tesla I'm definitely a Model 3 stalker. Up to 6 in the wild down here.
Sat Dec 09 05:35:06 +0000 2017,RT @Teslarati: Tesla Chief Designer Franz von Holzhausen shares early sketch drawing of the Tesla Semi - https://t.co/Qtctb8OAtd https://t.‚Ä¶
Sat Dec 09 05:35:03 +0000 2017,Rock fans! #Tesla #drummer Troy Luccketta is the @railwaySBC powered guest of #Podcast Ep.139!‚Ä¶ https://t.co/dGsMsPqKZK
Sat Dec 09 05:34:45 +0000 2017,RT @woodhaus2: Early sketch of BAMF #BAMF Semi @Tesla. Order here: https://t.co/Ktiz1AH1nF https://t.co/G1aCTqcb8l
Sat Dec 09 05:34:40 +0000 2017,Bruh! I‚Äôve been so curious how You open the door on a Tesla and I saw a video and you just push the handle and it comes out. Wow
Sat Dec 09 05:34:33 +0000 2017,SpaceX Tesla Solarcity OpenAI Boring company &amp; Neurolink ....
Sat Dec 09 05:34:24 +0000 2017,RT @evannex_com: #Tesla receives an order for 50 of the company's new #TeslaSemi trucks from Sysco read more: https://t.co/GGzFNetNGv $TSL‚Ä¶
Sat Dec 09 05:34:07 +0000 2017,#Motor Can Mercedes-AMG E63S Outrace A Tesla Model S P100D?: With the Merced.. https://t.co/Rr1toHOAYT #News https://t.co/HaN30qQHpB
Sat Dec 09 05:34:06 +0000 2017,#Auto #AWESUM Can Mercedes-AMG E63S Outrace A Tesla Model S P100D?: With the .. https://t.co/njaFDjT6Yv #New https://t.co/FszsXms9i7
Sat Dec 09 05:33:57 +0000 2017,RT @Inc: This extraordinary Elon Musk email shows how great leaders genuinely connect @jeff_haden https://t.co/vxPIJAhDSU
Sat Dec 09 05:33:40 +0000 2017,@CNN Tesla gone unless California saves them with a sizeable multi-billion dollar bailout.
Sat Dec 09 05:33:36 +0000 2017,ICYMI: Now Tesla‚Äôs Gigafactory Could Drive a Massive Battery Shortage https://t.co/wNMIvruiQb https://t.co/61vTsZ8b35
Sat Dec 09 05:33:09 +0000 2017,RT @LeadingWPassion: "If you wish to understand the Universe think of energy frequency and vibration".  -Nicola Tesla https://t.co/2fCZU4‚Ä¶
Sat Dec 09 05:32:58 +0000 2017,@KeepingUpWCutty They ain‚Äôt gonna look like a Tesla on the inside...it ain‚Äôt really a luxury car...just an expensive ass sports car
Sat Dec 09 05:32:55 +0000 2017,RT @Sunnymitra9: The world's largest lithium Ion battery in South Australia @Tesla @elonmusk @southaustralia #energy #technology #disruptio‚Ä¶
Sat Dec 09 05:32:55 +0000 2017,Anheuser-Busch is getting Tesla's trucking party started with an order for 40 of its new atomic semi-trucks‚Ä¶
Sat Dec 09 05:32:53 +0000 2017,@cnni And the delivery date is...? Oh as soon as Tesla fixes all the production problems and slowdowns with its Mo‚Ä¶ https://t.co/mZy59n0wyE
Sat Dec 09 05:32:51 +0000 2017,RT @Teslarati: Elon Musk confirms that Tesla is developing its own custom AI chip - https://t.co/8crekbMjjT https://t.co/I53A30OKJo
Sat Dec 09 05:32:42 +0000 2017,RT @engadget: Tesla‚Äôs Gigafactory might be behind a global battery shortage https://t.co/vIh1zFY8tv
Sat Dec 09 05:32:24 +0000 2017,Elon Musk Says #Tesla Is Building Dedicated Chips For Autopilot https://t.co/qKLjj9R0Uf
Sat Dec 09 05:32:18 +0000 2017,RT @Mayor_Jeff: Check out the new 20-stall electric vehicle Supercharger on Bayfield in Barrie. Largest #Supercharger in Canada! Barrie is‚Ä¶
Sat Dec 09 05:32:12 +0000 2017,Here's a "shocking" deal in Hong Kong‚Äîbuy an apartment get a Tesla https://t.co/YTW9yu9cYI https://t.co/llLPAEtqlx
Sat Dec 09 05:32:10 +0000 2017,RT @Model3Owners: @woodhaus2 @Tesla Dude I love how you guys stay true to your design intentions with production vehicles. I find it incre‚Ä¶
Sat Dec 09 05:32:07 +0000 2017,RT @ChargeWR: #ElonWR Let's invite Elon of Tesla to Waterloo Region as a featured speaker and guest for a Community Sustainable Transportat‚Ä¶
Sat Dec 09 05:31:59 +0000 2017,RT @Brian_Sussman: Tesla says electric cars are good for the environment but what about the environment where the lithium for the batterie‚Ä¶
Sat Dec 09 05:31:55 +0000 2017,Tesla is beginning to prove that the future of trucking may actually be electric https://t.co/hndGCJoh73 via @
Sat Dec 09 05:31:31 +0000 2017,RT @TheTeslaLife: Richard R. drops by the Paramus NJ Tesla service location and spots this #Model3 hanging out back! #Model3VIN 337 https:/‚Ä¶
Sat Dec 09 05:31:28 +0000 2017,Tesla Will Use Its Own Self Driving AI Chips https://t.co/OsFRJNYHGN via @alvinuchenna1
Sat Dec 09 05:31:24 +0000 2017,RT @manuel_aj_laboy: Tesla Helps Restore Power For Island Communities In Puerto Rico https://t.co/qQFWQR84Hm
Sat Dec 09 05:31:21 +0000 2017,Don‚Äôt Cheat On Your Wife If You Drive a Tesla! https://t.co/xZb3CC0Oec
Sat Dec 09 05:31:20 +0000 2017,RT @callummckirdynz: Culture leadership is about connection; not protection https://t.co/uogcV8UlPR
Sat Dec 09 05:31:16 +0000 2017,I figure that when it happens immortality will be like Tesla‚Äîavailable at first only to the very very very rich‚Ä¶ https://t.co/Qb20DsZJSS
Sat Dec 09 05:31:11 +0000 2017,Always Crashing in the Same Car: Tesla Factory Injuries Far Higher Than Average https://t.co/8kY1sSlWjb
Sat Dec 09 05:30:58 +0000 2017,@cnni Tesla is amazing #DecidingTheFuture
Sat Dec 09 05:30:48 +0000 2017,Huge Tesla factory could land in Netherlands | NL Times https://t.co/JXhaLwUrFX
Sat Dec 09 05:30:33 +0000 2017,Tesla Will Use Its Own Self Driving AI Chips https://t.co/OsFRJNYHGN https://t.co/1cofkAZfZO
Sat Dec 09 05:29:43 +0000 2017,RT @mitchlafon: On This Day - Dec. 8th 1986. Tesla release Mechanical Resonance. It is one of the best debut rock albums ever. This is not‚Ä¶
Sat Dec 09 05:29:35 +0000 2017,@Sim5225 @Aukstuolis12 @omniamea @GerberKawasaki It‚Äôs pretty cool since it‚Äôs not 2019 yet and none of that has happ‚Ä¶ https://t.co/p23mPqs5O9
Sat Dec 09 05:29:31 +0000 2017,This #Chevron economist isn‚Äôt¬†worried about #electriccars https://t.co/H6vglxXq5X #EV #transport #cars #futures
Sat Dec 09 05:29:28 +0000 2017,@InverseInvestor I don‚Äôt buy for Tesla. I buy for good management. Sundaram fastener doesn‚Äôt have competitive edge‚Ä¶ https://t.co/MMEyl1MRIm
Sat Dec 09 05:29:24 +0000 2017,@Danneilwsj is right as usual but ‚Äúthose robots better get cracking‚Äù indeed &gt; How Tesla Electrified Rivals at the‚Ä¶ https://t.co/HTEtQPtVid
Sat Dec 09 05:29:22 +0000 2017,RT @ItsJiazhen: HAHAHAHA WE WERE DRIVING DOWN HOLLYWOOD BLVD AND I SAW A TESLA THEN SAW THIS KID AND YOU BET I HECKA JUMPED OUT THE CAR üòÇüòÇ‚Ä¶
Sat Dec 09 05:28:27 +0000 2017,RT @ElectrekCo: Elon Musk updates timeline for a self-driving car but how does Tesla play into it? https://t.co/mAAuPxxmcR https://t.co/wU‚Ä¶
Sat Dec 09 05:28:24 +0000 2017,Kinda miss the @Tesla #ModelS- don't miss having to pull over to charge so often.... #automation #automobile https://t.co/YFcq6QAHe6
Sat Dec 09 05:28:22 +0000 2017,Closeup Of Tesla Coil With Electric Pulses Stock Photo | Getty Images https://t.co/qoxDqjc1R7
Sat Dec 09 05:28:08 +0000 2017,RT @tesloop: This is exciting! https://t.co/9KvHZ4Cw3C
Sat Dec 09 05:28:03 +0000 2017,RT @Teslarati: Global food distributor announces that it will add 50 Tesla Semi trucks to its fleet https://t.co/CKrIbzJPHv https://t.co/2y‚Ä¶
Sat Dec 09 05:27:57 +0000 2017,RT @Model3Owners: Model 3 still getting regular updates. Premium sound system now has some new control options ! #tesla #Model3 https://t.c‚Ä¶
Sat Dec 09 05:27:47 +0000 2017,@mitchlafon @TeslaBand @Tesla @ThisDayInMETAL @realmetaltrump @nicholasdumont @talkingmetal @daverude @FrankHannon‚Ä¶ https://t.co/9FFwLZuYrf
Sat Dec 09 05:27:42 +0000 2017,Tesla and Panasonic to collaborate on new giga-factory - Autocar India https://t.co/Xxfev7hk9d
Sat Dec 09 05:27:39 +0000 2017,RT @Model3Owners: I love how Tesla stays true to their design intentions with production vehicles. I find it incredibly disingenuous that o‚Ä¶
Sat Dec 09 05:27:34 +0000 2017,@SatoshiLite Everyone needs to get with the program. #BTC for Tesla's houses and trips to Mars. #LTC for EVERYTHING ELSE. üòé
Sat Dec 09 05:27:31 +0000 2017,RT @DeepLearn007: Elon Musk says Tesla working on custom AI chips #AI #MachineLearning #ML #Tesla #EV #tech  https://t.co/1OumHYKfJu https:‚Ä¶
Sat Dec 09 05:27:22 +0000 2017,RT @55true4u: Note that weasel miget Jeff Bezos has never made a profit. Neither has Elon Musk. Tesla. Your tax dollars are being played. #‚Ä¶
Sat Dec 09 05:27:08 +0000 2017,Elon Musk says Tesla‚Äôs AI chips will be ‚Äúthe best in the world‚Äù | Ars Technica https://t.co/ioYpKXTQQJ #tech
Sat Dec 09 05:27:07 +0000 2017,DEEP PURPLE CTM!!! + Cheap Trick + Tesla en Movistar Arena https://t.co/DGnPCElPme
Sat Dec 09 05:26:43 +0000 2017,Tesla factory racing to retool for new models | Models The o'jays and Business https://t.co/riszn3XwFP
Sat Dec 09 05:26:41 +0000 2017,It‚Äôs funny looking back how I would get excited with 2% gains on Tesla stock.
Sat Dec 09 05:26:26 +0000 2017,This Chevron Economist Isn‚Äôt Worried About Electric Cars https://t.co/sBffFqL3L0 #ev #ElectricCar #tesla
Sat Dec 09 05:26:19 +0000 2017,Surprisingly I was the only one at the supercharger üôÑüöóüîãüîå #tesla #electricvehicle #teslamodels‚Ä¶ https://t.co/5KuZQ1UqcP
Sat Dec 09 05:26:13 +0000 2017,my cat plays everything in between
Sat Dec 09 05:25:40 +0000 2017,#architecture #interiordesign #deco Tesla and Vestas team up to develop batteries for wind farms https://t.co/HeM4ARnrf4
Sat Dec 09 05:25:27 +0000 2017,RT @slashdot:Insurers Are Rewarding Tesla Owners For Using Autopilot https://t.co/OfRhwd3v4s
Sat Dec 09 05:25:19 +0000 2017,Nikola Tesla‚Äôs Most Extraordinary Interview Hidden For 116 Years! - https://t.co/RNVDS1dLRV
Sat Dec 09 05:25:01 +0000 2017,@NikolaTeslaFeed Saw a great Tesla play tonight. https://t.co/zEzcu8N3TJ
Sat Dec 09 05:24:58 +0000 2017,I liked a @YouTube video https://t.co/hLfNLN0vB9 i-Pace Range Tests Daimler Dismantles Model X Tesla Semi Claims - TEN Future
Sat Dec 09 05:24:32 +0000 2017,Budweiser beer could be shipped by Tesla Semi trucks starting in 2019. https://t.co/gcX4Dw569i
Sat Dec 09 05:24:30 +0000 2017,Elon Musk updates timeline for a self-driving car but how does Tesla play into it? https://t.co/LmQhKQpmmp‚Ä¶ https://t.co/LfuU0AVW3u
Sat Dec 09 05:24:26 +0000 2017,RT @PetiotEric: [ #Disruption ] What Happens When Disruptors Become Disrupted? https://t.co/4gZ3g58jYA https://t.co/3kTZBeJt42
Sat Dec 09 05:24:12 +0000 2017,I want a flying Tesla car.
Sat Dec 09 05:24:04 +0000 2017,@LincolnMotorCo Imagine being able to care so little for our world that you buy a brand new vehicle that only gets‚Ä¶ https://t.co/1P3YslqtKY
Sat Dec 09 05:23:50 +0000 2017,@NikolaTeslaInt Great Tesla play https://t.co/9rQJ88bk0g
Sat Dec 09 05:23:41 +0000 2017,Elon Musk confirms Tesla will use its own self-driving AI chips. https://t.co/7GSZt7z7vH
Sat Dec 09 05:23:19 +0000 2017,@Taylors_TOOTiny Tesla at its finest ‚Äúthe man who made atoms to change the weather‚Äù
Sat Dec 09 05:22:56 +0000 2017,RT @FortuneTech: Elon Musk Says Tesla Is Developing Artificial Intelligence: ‚ÄòWill Be the Best in the World‚Äô https://t.co/26YRoe8REO https:‚Ä¶
Sat Dec 09 05:22:53 +0000 2017,RT @TheRealCamyonce: @kashdoll Is Shawn brown skin 5‚Äô8 Drive a Tesla &amp; Loves being in LA . Cause I know him too https://t.co/rL2kz65OHg
Sat Dec 09 05:22:03 +0000 2017,@MAKattackk_ Once I cop that tesla x I can set the auto pilot üëâüèºüòèüëâüèº
Sat Dec 09 05:21:51 +0000 2017,@TheRealRevK Probs a teensy bit more than a generator but a Tesla Powerwall would be more fun I reckon
Sat Dec 09 05:21:43 +0000 2017,I can make @elonmusk a better ‚Äúhat salesman‚Äù I guarantee it. Come on Twitter. Do your work. #ElonMusk #Tesla‚Ä¶ https://t.co/4fRjmeRVd4
Sat Dec 09 05:21:22 +0000 2017,‚ô¢‚ô† Don't just read about Tesla's inventions re-create them! Install 'Nikola Tesla's Patents'! NikolaTesla App‚Ä¶ https://t.co/FlRbHXukbJ
Sat Dec 09 05:21:16 +0000 2017,RT @PmaBankingNews: One carmaker is leading India's electric charge and it isn't Tesla https://t.co/F55V83V463
Sat Dec 09 05:20:51 +0000 2017,@AmbitEnergy can you partner @Tesla to make electric vehicles a lot economically viable to owners?
Sat Dec 09 05:20:06 +0000 2017,[ #Disruption ] What Happens When Disruptors Become Disrupted? https://t.co/4gZ3g58jYA https://t.co/3kTZBeJt42
Sat Dec 09 05:20:04 +0000 2017,#Podcast Ep.139 features @TeslaBand drummer Troy 22x #WorldCup medalist / #Paralympian @NicoleRoundy &amp;‚Ä¶ https://t.co/MfrtZbsJIV
Sat Dec 09 05:19:22 +0000 2017,The test of true competence is the end result. I would like to die on Mars. #Tesla
Sat Dec 09 05:19:02 +0000 2017,RT @WSJ: Giving to others makes us happier‚Äîso why do we avoid chances to donate? https://t.co/eWMu8oUF81
Sat Dec 09 05:18:40 +0000 2017,RT @MebFaber: A reminder to investors everywhere...not having an opinion or position is fine too.   Applies to Tesla stock house fixer upp‚Ä¶
Sat Dec 09 05:18:32 +0000 2017,Musk Says Tesla Is Building Its Own Chip for Autopilot https://t.co/Ad6JZ659B6 #LongBeach
Sat Dec 09 05:18:09 +0000 2017,"Tesla (Elon Musk) already landed on Mars on Korea exchanges."
Sat Dec 09 05:17:42 +0000 2017,Tesla Motors - San Diego on #Yelp: Best. Freaking. Company. Ever.  I have been driving Tesla's for 10 years. I have‚Ä¶ https://t.co/mohOFyysvf
Sat Dec 09 05:17:18 +0000 2017,Elon Musk Says Tesla Is Working on Custom AI chips https://t.co/8ED49mI7EO
Sat Dec 09 05:17:17 +0000 2017,Recharge Wrap-up: Tesla factory tour video Obama rejects Keystone XL - Autoblog https://t.co/O5mAhMuAxS
Sat Dec 09 05:16:29 +0000 2017,Tesla: Journalists Trespassed At Gigafactory Assaulted Employees - Slashdot https://t.co/lug7sF9pM0
Sat Dec 09 05:16:17 +0000 2017,RT @WIRED: Elon Musk says Tesla vehicles will run their self-driving AI software on a chip designed by the automaker itself https://t.co/9B‚Ä¶
Sat Dec 09 05:16:12 +0000 2017,what is my balls hurt
Sat Dec 09 05:16:04 +0000 2017,@elonmusk I have an idea. A share market in electric companies so Tesla owners supply their own power free.
Sat Dec 09 05:15:53 +0000 2017,RT @AvalexDynamics: #Tesla Installs Six More Battery Systems in Puerto Rico in 'Humanitarian Effort' https://t.co/OEjp8MDEnL?amp=1
Sat Dec 09 05:15:49 +0000 2017,@contrarianEPS You can check already listed Sundram Fastners. It also supplies for Tesla. Financials are good. But‚Ä¶ https://t.co/KLbySXcmAX
Sat Dec 09 05:15:36 +0000 2017,RT @jakepaul: Just pre ordered the Tesla Semi...   ‚ÄúJake you‚Äôre not a truck driver‚Äù  Me: ‚Äúmy teachers said I would be so I‚Äôm fulfilling the‚Ä¶
Sat Dec 09 05:15:36 +0000 2017,RT @ExtremeTech: Elon Musk Says Tesla Is Working on Custom AI chips https://t.co/Njqix8fZIq https://t.co/l2wac1tmJO
Sat Dec 09 05:15:24 +0000 2017,@YouTube @Tesla I can‚Äôt wait until these cars get even more crushed by the roadster! #1.9Sec
Sat Dec 09 05:15:14 +0000 2017,https://t.co/trudjUiA3D @elonmusk @TeslaBand @talkingtesla @Tesla !! @khaleejtimes @gulf_news @Wheels_Mag_UAE ! My Review of Model x !!!
Sat Dec 09 05:14:59 +0000 2017,I liked a @YouTube video https://t.co/LWr9N4owXL Tesla - The Electric Family (PARODY)
Sat Dec 09 05:14:53 +0000 2017,RT @Jalopnik: Tesla owner resorts to tweeting at Elon when his door handles break for the third time. https://t.co/ILpMBiw1tI https://t.co/‚Ä¶
Sat Dec 09 05:13:18 +0000 2017,HOW A 4 Door FAMILY Sedan beats out some of the fastest cars in a straight line!!! World's Greatest Drag Race 7!‚Ä¶ https://t.co/gKknT1axRz
Sat Dec 09 05:13:12 +0000 2017,I liked a @YouTube video https://t.co/aubrylHeGF SURPRISING MY GIRLFRIEND WITH A NEW TESLA!!
Sat Dec 09 05:12:55 +0000 2017,@jjeremymiller 1.Elon Musk Bill Gates Nicola Tesla various other historical relevant scientists and Taylor Wilso‚Ä¶ https://t.co/EQHPAMzApS
Sat Dec 09 05:12:46 +0000 2017,@elonmusk hi I have a question when @Tesla are going to build a motorcycle???
Sat Dec 09 05:12:32 +0000 2017,still can‚Äôt get over the fact that my cousin brother has a tesla üòçüò≠
Sat Dec 09 05:12:27 +0000 2017,RT @techreview: Rumors have swirled about the possibility of @Tesla  building its own machine-learning chips ever since it split with its o‚Ä¶
Sat Dec 09 05:12:23 +0000 2017,@sciencefanatics Jung Mac Arthur Tesla and Christo! https://t.co/vGkJfnwgBI
Sat Dec 09 05:12:05 +0000 2017,Absorbed Glass Mat Batteries vs. The Tesla Power Wall | MI-GRID https://t.co/cg5VCsxMmx
Sat Dec 09 05:11:58 +0000 2017,Elon Musk finally admits Tesla is building its own custom AI chips https://t.co/Zy7D9vOYOz
Sat Dec 09 05:11:20 +0000 2017,RT @nfeau: Best license plate ever for a #Tesla car https://t.co/88jOOLYMsQ
Sat Dec 09 05:11:15 +0000 2017,RT @WIRED: Let's get you caught up on all the car news you may have missed this week https://t.co/deHTyIvXcs
Sat Dec 09 05:10:48 +0000 2017,RT @joerogan: Elon Musk wants to be the first citizen to litter on Mars. Elon Musk is going to launch a Tesla into space and eventually int‚Ä¶
Sat Dec 09 05:10:45 +0000 2017,RT @HIPinvestor: #NewsweekGreenRankings - #HIPanalysis Only 7 co's of biggest 500 US &amp; 500 globally earn &gt; 60% revenues from environmentall‚Ä¶
Sat Dec 09 05:10:18 +0000 2017,Elon Musk is going to launch a Tesla into space and eventually into orbit around Mars. https://t.co/ybgU1lVpMC via @climate
Sat Dec 09 05:09:57 +0000 2017,@elonmusk says that @Tesla is working on custom AI chip
Sat Dec 09 05:09:40 +0000 2017,RT @PD_Official: India welcomes its first @Tesla - a Model X - in Mumbai! | @AutomobiliArdnt | #Tesla #teslamodelx #ElonMusk #ElectricVehic‚Ä¶
Sat Dec 09 05:08:59 +0000 2017,@BawangByte @elonmusk Maybe he buy a lot of hair product... and tesla.
Sat Dec 09 05:07:03 +0000 2017,RT @Eater: The future of beer is here https://t.co/R1P3nJOSn4
Sat Dec 09 05:06:38 +0000 2017,@NatalCicuto @PaulCamire @MikeD_Twenty7 @ChevroletCanada @elonmusk @Tesla Oh seniors housing. I made a killing on w‚Ä¶ https://t.co/6fNFXShgbO
Sat Dec 09 05:06:29 +0000 2017,RT @TeslasNole: How about we make tonight ‚ÄúTree Decorating‚Äù night with @teslalamour Lets fill it with any decorations we can. I know we can‚Ä¶
Sat Dec 09 05:06:13 +0000 2017,My dad still showering
Sat Dec 09 05:06:04 +0000 2017,RT @subhashkak1: The deep reason (now forgotten) why #Tesla pursued his dream of wireless transmission of energy.  Tesla's philosophical id‚Ä¶
Sat Dec 09 05:06:04 +0000 2017,@NatalCicuto @PaulCamire @MikeD_Twenty7 @ChevroletCanada @elonmusk @Tesla I dont short everything just things that‚Ä¶ https://t.co/xd59ZCdIPB
Sat Dec 09 05:06:04 +0000 2017,RT @creditscom: https://t.co/cYaW4Zef3J published an article about CREDITS as the new generation of DLT &amp; Blockchain the first prototype o‚Ä¶
Sat Dec 09 05:06:03 +0000 2017,RT @TheAnnaGat: @Smerity @Tesla @shivon @karpathy @elonmusk @jekbradbury @RichardSocher Self-driving cars will mess up pedestrian morals. I‚Ä¶
Sat Dec 09 05:05:55 +0000 2017,RT @TyroneJue: Good news #tesla owners. Today San Francisco signed a law mandating #EV charging capacity in buildings.üîãüîåüöò #ClimateAction @t‚Ä¶
Sat Dec 09 05:05:53 +0000 2017,RT @CareerQuotes: All that was great in the past was ridiculed condemned combated suppressed - only to emerge all the more powerfully. -‚Ä¶
Sat Dec 09 05:05:49 +0000 2017,Virtual Tesla factory helps promote Lithuania worldwide https://t.co/bKfnlvUBj4
Sat Dec 09 05:05:46 +0000 2017,Will Tesla trucks be the new pony Express? Is there an insane improvement in charging time I am missing? https://t.co/HbXjs3TZso
Sat Dec 09 05:05:25 +0000 2017,RT @Teslarati: Tesla begins Model 3 customer deliveries VINs above 2000 spotted - https://t.co/EdmfGNlDlY https://t.co/z6dHKOa0gP
Sat Dec 09 05:05:22 +0000 2017,Orders Keep Piling In For Tesla's New All-Electric Semi Truck https://t.co/svUNb3o8dw
Sat Dec 09 05:05:03 +0000 2017,RT @LikeTeslaKim: Some rare pics from the #Roadster team shared on Facebook via Elie Maltz. #Tesla #ModelS #ModelX #Model3 https://t.co/H0O‚Ä¶
Sat Dec 09 05:05:01 +0000 2017,RT @drewtoothpaste: Tesla owner installs bitcoin mining rig claiming that his car generates "free power" which is in fact the opposite of‚Ä¶
Sat Dec 09 05:04:23 +0000 2017,$FB Tech Stocks This Week: Prime Video on Apple TV Tesla's AI Chip and More https://t.co/dLZzoXjm5Z
Sat Dec 09 05:03:35 +0000 2017,RT @tomkiss: Perfect gif for a trailer announce day: Excited Tesla Guy.  Check out the new trailer for Dreams the creative platform we‚Äôre‚Ä¶
Sat Dec 09 05:03:06 +0000 2017,Tesla Model 3 customer deliveries reportedly under way - Roadshow https://t.co/am9WaYAiz9 https://t.co/WbhPeBwH5U
Sat Dec 09 05:02:50 +0000 2017,RT @Carbonfundorg: Fan of #elonmusk and #tesla?  #Entertowin a Tesla #weepstakes - #PlantTrees #GiveTrees this #holidayseason and earn swee‚Ä¶
Sat Dec 09 05:02:36 +0000 2017,Elon Musk says Tesla is working on custom AI chips https://t.co/6qER9ZlhBq https://t.co/NWyYiN73kb
Sat Dec 09 05:02:35 +0000 2017,Elon Musk Says Tesla Is Building Its Own Chip for Autopilot | WIRED https://t.co/20ZKBPsYsG
Sat Dec 09 05:01:38 +0000 2017,An Inside Look At The Tesla Fremont Factory Production Line (Video) | CleanTechnica https://t.co/5PTkWp1R0a
Sat Dec 09 05:01:24 +0000 2017,RT @RyanHLevenson: Have I helped in your decision to purchase a Tesla?  Consider using my referral link for free Supercharging on Model S o‚Ä¶
Sat Dec 09 05:01:16 +0000 2017,@GayPatriot That Tesla cloning machine takes a toll?
Sat Dec 09 05:01:01 +0000 2017,RT @sabartonwrites: 2095: A generation is disappointed when Tesla self-flying spaceships staffed with autonomous mining robots nip the sci-‚Ä¶
Sat Dec 09 05:00:54 +0000 2017,Elon Musk reveals Tesla is making its own AI chips for self-driving cars ‚Äî and he claims the technology will be the‚Ä¶ https://t.co/h9O2FLOLVY
Sat Dec 09 05:00:37 +0000 2017,This Elon Musk Email to Tesla Employees Is a Powerful Lesson in Authentic Heartfelt Leadership https://t.co/YnN4ubibD9
Sat Dec 09 05:00:17 +0000 2017,Elon Musk Is¬†Sending a Tesla to Mars https://t.co/GQY9FHKBaQ
Sat Dec 09 05:00:17 +0000 2017,New Tesla Roadster sounds impressive but it‚Äôs not the only game in town Begun the electric hypercar performance wa‚Ä¶ https://t.co/wZiZxLLgMA
Sat Dec 09 05:00:03 +0000 2017,RT @CosmicInglewood: #augmentedreality #becoming the #next #smartphone by 2022-23 era   #VR just getting #started   #neural @Tesla #lace  #‚Ä¶
Sat Dec 09 04:59:36 +0000 2017,@BIUK I would prefer to keep warm &amp; dry in a Tesla &amp; be safely driven to my destination largely by autopilot &amp; in c‚Ä¶ https://t.co/TQlkzx6UaJ
Sat Dec 09 04:59:09 +0000 2017,@TeslaSemi I want the 1st Tesla Semi Heavy Duty Tow Truck! Whatcha think?
Sat Dec 09 04:59:08 +0000 2017,Not ready for prime time? Not convinced that @Tesla batteries will be the be-all end-all solution to power anytime‚Ä¶ https://t.co/6cLiKRq2Jy
Sat Dec 09 04:58:55 +0000 2017,Watch @harrismonkey‚Äôs Reaction As He Launches A @Tesla P100D For The First Time - CarBuzz https://t.co/pGJKWKeKYn
Sat Dec 09 04:58:36 +0000 2017,#augmentedreality #becoming the #next #smartphone by 2022-23 era   #VR just getting #started   #neural @Tesla #lace  #computer #brain 42
Sat Dec 09 04:58:27 +0000 2017,@USA_Ephraim13 1) Consumers are not demanding EVs. 2) Automakers lose money on producing EVs. 3) Tesla has minimal‚Ä¶ https://t.co/54bot0yrOf
Sat Dec 09 04:57:22 +0000 2017,Tesla officials show off progress at Gigafactory in Northern Nevada - Las Vegas Review-Journal https://t.co/WaASvXEpAs
Sat Dec 09 04:57:08 +0000 2017,2095: A generation is disappointed when Tesla self-flying spaceships staffed with autonomous mining robots nip the‚Ä¶ https://t.co/WICnO7u3Nx
Sat Dec 09 04:56:41 +0000 2017,@USA_Ephraim13 Safety is paramount in North America and I don't imagine in my wildest dreams that a driverless semi‚Ä¶ https://t.co/lyF3UHnWns
Sat Dec 09 04:56:18 +0000 2017,A great way to connect with team. Every executive must learn this to make his team more productive. #founders #CEO https://t.co/e2pziJjrPk
Sat Dec 09 04:56:14 +0000 2017,RT @AK04_: Tesla just unveiled a car that does 0-60 mph in 1.9s  Pretty sure when you accelerate in this car you leave your problems behind‚Ä¶
Sat Dec 09 04:56:12 +0000 2017,open up ‚Äî i could not
Sat Dec 09 04:55:25 +0000 2017,@636_OC It didn't take long before they were at each other throats. There was also a report in September that Tesla‚Ä¶ https://t.co/lerrCrNTT9
Sat Dec 09 04:55:23 +0000 2017,@EvanSchultheis @realscientists Our roof is a patchwork museum of over 30 years of photovoltaic technology. See the‚Ä¶ https://t.co/6wrAE3eswU
Sat Dec 09 04:55:22 +0000 2017,#startup Elon Musk Says Tesla Is Developing Artificial Intelligence: 'Will Be the Best in the World'‚Ä¶... | What is your favorite animal?
Sat Dec 09 04:55:06 +0000 2017,RT @Autonomous_Newz: #ElonMusk finally admits #Tesla is building its own custom #AI chips https://t.co/ytrpozwWBs
Sat Dec 09 04:55:05 +0000 2017,RT @808sCarShakes: Lil Duval smoking a joint with his Tesla in autopilot üí® https://t.co/LGmhIZJOs9
Sat Dec 09 04:55:02 +0000 2017,RT @TomBamonte: Elon Musk updates timeline for a self-driving car. Robust autonomy date pushed back. https://t.co/WEk6FYQlau
Sat Dec 09 04:55:00 +0000 2017,Not at all? diverse automakers? lol so the 13 $F EVs coming over the next few years outsell a $TSLA a tesla model‚Ä¶ https://t.co/NK9hmmJKEB
Sat Dec 09 04:54:53 +0000 2017,RT @AnjaHoffmann: The world's largest lithium Ion battery in South Australia. @Tesla @elonmusk @southaustralia  #GreenTech @nowthisnews via‚Ä¶
Sat Dec 09 04:54:28 +0000 2017,RT @teslaownersau: .@teslaownersau themed cupcakes to congratulate @Tesla on their third anniversary in Australia. üéâ https://t.co/hZ3108lnDQ
Sat Dec 09 04:53:30 +0000 2017,RT @ElectrekCo: Tesla Semi receives large order of 50 electric trucks from Sysco https://t.co/33oFcTDQB0 https://t.co/MPeXkwwKfI
Sat Dec 09 04:53:27 +0000 2017,RT @ElonMuskNewsOrg: Early sketch of Tesla Semi truck shared by Chief Designer Franz von Holzhausen https://t.co/vvrJ6xZhc9
Sat Dec 09 04:53:21 +0000 2017,#startup Tesla AI chip ‚Äúbest in the world‚Äù Elon Musk teases https://t.co/EblIZuNanZ... | *grabs a stick* *they all‚Ä¶ https://t.co/RLhl17D7RD
Sat Dec 09 04:53:08 +0000 2017,RT @fluffypony: @jeremyrwelch Silicon Valley types are the hegemony the old guard. They have their own special language and handshakes th‚Ä¶
Sat Dec 09 04:53:04 +0000 2017,Markets:Innovation &gt; Alarming Study About the Future of AI:Earlie https://t.co/47rchHXa69 #tTrading https://t.co/2pP4iTYUqk
Sat Dec 09 04:52:58 +0000 2017,Nikola Tesla the Missing Secrets Zero Point Free Unlimited Energy #ColdFusion https://t.co/T4RmPRPohH via @YouTube
Sat Dec 09 04:52:33 +0000 2017,@MadrixOG @HardwareUnboxed I'm perfectly aware of the similarities. That's why I said what I said. The primary diff‚Ä¶ https://t.co/3UGxoQK7VW
Sat Dec 09 04:51:28 +0000 2017,I liked a @YouTube video https://t.co/IcdZGdulyS Here's Why the Tesla Model 3 Is the Coolest Car of 2017
Sat Dec 09 04:51:25 +0000 2017,@asimo3089 @badccvoid Police lambo and tesla. Cars like that but are kinda different from the normal lambo and tesla
Sat Dec 09 04:51:19 +0000 2017,This Chevron Economist Isn't Worried About Electric Cars - Bloomberg https://t.co/R9CP9JT8a4 #Cars #CarNews
Sat Dec 09 04:50:51 +0000 2017,RT @ElectrekCo: Tesla Model 3 customer deliveries are reportedly starting next week https://t.co/CaFM0iPKsm https://t.co/tLCRFoixG9
Sat Dec 09 04:50:27 +0000 2017,RT @vitorrians: #Porsche‚Äôs #Tesla rival spotted in the #wild for the #first time https://t.co/KjMbIXkkgI #tweet #twitter #viral #blog #writ‚Ä¶
Sat Dec 09 04:49:48 +0000 2017,RT @vitorrians: #Porsche‚Äôs Tesla rival spotted in the #wild for the first time https://t.co/KjMbIXkkgI  #car #automobile #drive #travel #tw‚Ä¶
Sat Dec 09 04:49:42 +0000 2017,RT @Tech1Share: Tesla is reportedly linked to massive multibillion-dollar steel factory project in Michigan https://t.co/UTMBcWWY0N
Sat Dec 09 04:49:16 +0000 2017,@MarcWWolfe @HardwareUnboxed A tesla card is still a normal gpu but isnt sold to consummers
Sat Dec 09 04:49:15 +0000 2017,This extraordinary Elon Musk email shows how great leaders genuinely connect jeff_haden https://t.co/pRSAuF5nwH  ‚Äî‚Ä¶ https://t.co/X1EBPBhzny
Sat Dec 09 04:49:12 +0000 2017,@jimmerdoo @davidtayar5 @Aukstuolis12 @omniamea @GerberKawasaki marketing a is multi trillion dollar industry. this‚Ä¶ https://t.co/EMdNIhI67t
Sat Dec 09 04:49:12 +0000 2017,#startup Elon Musk Says Tesla Is Developing Artificial Intelligence: 'Will Be the Best in the World'‚Ä¶ https://t.co/59norVBk0U
Sat Dec 09 04:49:10 +0000 2017,#startup Elon Musk reveals Tesla is making its own AI chips for self-driving cars ‚Äî and he claims the technology wi‚Ä¶ https://t.co/oVI5As7ikw
Sat Dec 09 04:48:37 +0000 2017,@hoonable I think you mean the Tesla Nursing A Semi.
Sat Dec 09 04:48:18 +0000 2017,EDITORIAL: Nevada loses by winning Tesla factory | Opinion and commentary | https://t.co/YFAnkg5PkT https://t.co/7cyiSo4WoP
Sat Dec 09 04:48:14 +0000 2017,Elon Musk Confirms Tesla Developing Custom AI Chip for Autonomous Driving https://t.co/MqpKoc2w60
Sat Dec 09 04:48:14 +0000 2017,Posted at https://t.co/mRtYXCkFNA on 11/18/2017‚ïëTesla is crowdfunding its vehicles with big promises ‚Äúpay now driv‚Ä¶ https://t.co/mULV6l7jsJ
Sat Dec 09 04:48:12 +0000 2017,#startup Tesla AI chip ‚Äúbest in the world‚Äù Elon Musk teases https://t.co/cy6bYXUHpm #elonmusk https://t.co/okl5gpwJh7
Sat Dec 09 04:48:11 +0000 2017,#startup Elon Musk: Tesla is making AI hardware that could be 'best in the world' https://t.co/WYxNetoJ7F #elonmusk
Sat Dec 09 04:48:08 +0000 2017,@USA_Ephraim13 1) I'm sure they will NOT deliver. Musk released no details about semi because he's smart enough to‚Ä¶ https://t.co/9lce9tAXKf
Sat Dec 09 04:48:08 +0000 2017,#startup Elon Musk Says Self Driving Tesla's Are On The Way https://t.co/6Kv2yAD1kD #elonmusk
Sat Dec 09 04:48:08 +0000 2017,#startup Elon Musk confirms Tesla will use its own self-driving AI chips https://t.co/R7T92erfgB #elonmusk https://t.co/1oDcoETeqB
Sat Dec 09 04:47:59 +0000 2017,RT @NODEfather: The @CityOfLasVegas has so much now!  @Bitcoin @HyperloopOne @Tesla @solarcity @RTCSNV @RAIDERS @Uber @UberEats @lvmonorail‚Ä¶
Sat Dec 09 04:47:53 +0000 2017,@Tesla Any status update on the Alamosa CO Supercharger? Your map says "end of 2017" but it doesn't appear to be started.
Sat Dec 09 04:47:50 +0000 2017,@davidtayar5 @jimmerdoo @Aukstuolis12 @omniamea @GerberKawasaki lol. we all have our own law abiding interest be it‚Ä¶ https://t.co/aNiqg8sIQS
Sat Dec 09 04:47:29 +0000 2017,The @CityOfLasVegas has so much now!  @Bitcoin @HyperloopOne @Tesla @solarcity @RTCSNV @RAIDERS @Uber @UberEats‚Ä¶ https://t.co/jFrsRmGwDJ
Sat Dec 09 04:47:14 +0000 2017,RT @WSJ: The Supreme Court expands review of partisan redistricting https://t.co/1TzZYpHMyU
Sat Dec 09 04:47:04 +0000 2017,Elon Musk Says Tesla Is Building Dedicated Chips For Autopilot https://t.co/eNWvPNiVaP
Sat Dec 09 04:47:02 +0000 2017,Union Pacific puts 147 acres up for sale next to Fremont's Tesla factory - The Mercury News https://t.co/FwhkHI4TwL
Sat Dec 09 04:46:56 +0000 2017,Tesla's Desktop Supercharger is the desk charger your phone deserves https://t.co/8effF9pYUM
Sat Dec 09 04:46:55 +0000 2017,@jimmerdoo @davidtayar5 @Aukstuolis12 @omniamea @GerberKawasaki when it comes to tesla there are long term risks and its true.
Sat Dec 09 04:46:28 +0000 2017,RT @ElonMuskNewsOrg: Tesla is developing its own custom AI chip says Elon Musk https://t.co/hogSjfSLZ7
Sat Dec 09 04:46:13 +0000 2017,Guys stop investing in me I'm worth 5.7 mil
Sat Dec 09 04:46:05 +0000 2017,@RuledByLogic @_Makada_ @marty713 Is "Uncle John" more of a family friend? Of Tesla? Tesla had some sperm frozen...‚Ä¶ https://t.co/6jDDR3bC0Q
Sat Dec 09 04:45:57 +0000 2017,I‚Äôll marry a Tesla X
Sat Dec 09 04:45:53 +0000 2017,RT @cnnasiapr: .@cnntech: One carmaker is leading #India's electric charge and it isn't Tesla. @Iyengarish has more. https://t.co/1w76OhO00‚Ä¶
Sat Dec 09 04:45:29 +0000 2017,@jimmerdoo @davidtayar5 @Aukstuolis12 @omniamea @GerberKawasaki shorting tesla stock is a terrible idea. trust me. go do ur homework
Sat Dec 09 04:44:59 +0000 2017,#80sMetal #NP: Tesla - Cummin' Atcha Live LISTEN NOW https://t.co/9j0FoOtY4w
Sat Dec 09 04:44:37 +0000 2017,RT @ScienceStudioYT: - In ANY Tesla vs. Petrol drag there are loads of fanboys formulating excuses for the former. They praised the Model‚Ä¶
Sat Dec 09 04:44:16 +0000 2017,RT @DougScottQuotes: I'll literally shove a tesla up my nose if I heard that song by nectar
Sat Dec 09 04:43:48 +0000 2017,@PKekbar @_Makada_ @marty713 Trump has Tesla's notes from his uncle John I'm serious..
Sat Dec 09 04:43:38 +0000 2017,Tesla Semi receives large order of 50 electric trucks from Sysco. https://t.co/pe3fclngwC
Sat Dec 09 04:43:24 +0000 2017,Elon Musk Says Tesla's Artificial Intelligence Will Be 'the Best in the World' - Newsweek #AIForEveryone‚Ä¶ https... | Yes and far beyond.
Sat Dec 09 04:43:05 +0000 2017,@hvgoenka Hope I'm gonna buy a Tesla some dayüôÑüôÑüôÑ
Sat Dec 09 04:43:00 +0000 2017,@JosieFiorda I'm going to listen to it for sure I'm not saying there's anything to this but.. even predictive soft‚Ä¶ https://t.co/S9QWiJckUl
Sat Dec 09 04:42:17 +0000 2017,Direct Line offers 5-percent Tesla 'auto-pilot' incentive https://t.co/fZYyKIEBUh
Sat Dec 09 04:42:11 +0000 2017,https://t.co/Mdo2vJDJ5I Way to go Tesla!
Sat Dec 09 04:41:53 +0000 2017,@davidtayar5 @jimmerdoo @Aukstuolis12 @omniamea @GerberKawasaki Do u know what public embarrassment is. thats what‚Ä¶ https://t.co/FOM3qOLcSj
Sat Dec 09 04:41:47 +0000 2017,@Mayor_Jeff @alectranews @Tesla and just look at all the electric cars lined up!   *sigh*
Sat Dec 09 04:40:18 +0000 2017,@Tesla are you going to make an electric scooter?
Sat Dec 09 04:40:06 +0000 2017,After Anheuser-Busch Tesla Semi receives large order of 50 electric trucks from Sysco https://t.co/mdM3Rav3SV
Sat Dec 09 04:40:00 +0000 2017,Elon Musk reveals Tesla is making its own AI chips for its self-driving cars https://t.co/Y0iW4nu4ex via @sai
Sat Dec 09 04:39:45 +0000 2017,Guess who was on Closing Bell today discussing the Tesla Semi? https://t.co/yXYa1hfyG3 https://t.co/Fu9YBFBLZJ
Sat Dec 09 04:39:38 +0000 2017,RT @ClimateReality: In South Australia @Tesla has installed the world‚Äôs largest renewable energy battery https://t.co/UJfOeMOZ95
Sat Dec 09 04:39:21 +0000 2017,Elon Musk Says Tesla's Artificial Intelligence Will Be 'the Best in the World' - Newsweek #AIForEveryone‚Ä¶ https://t.co/yVmhU3Of0J
Sat Dec 09 04:38:57 +0000 2017,@jimmerdoo @davidtayar5 @Aukstuolis12 @omniamea @GerberKawasaki again my very first comment in this post was about‚Ä¶ https://t.co/U5ASc0U08y
Sat Dec 09 04:38:42 +0000 2017,Tesla saw the rotating magnetic field in the sun as a vision  I saw the Mother Mary in the sun as a vision Things that make you go HMMMMM?
Sat Dec 09 04:38:41 +0000 2017,@Simbuilder  what is better egoista or tesla roadster 2.0 currently i have 4 million im saving for it my username is X_XDEADRAID
Sat Dec 09 04:38:27 +0000 2017,Tech Stocks This Week: Prime Video on Apple TV Tesla's AI Chip and More https://t.co/JtOEg3ZKJj
Sat Dec 09 04:38:03 +0000 2017,RT @Eater: Anheuser-Busch will use driverless electric trucks to deliver beer https://t.co/IACcXlz0L3 https://t.co/83q5pWGjti
Sat Dec 09 04:37:58 +0000 2017,"Insurers Are Rewarding Tesla Owners For Using Autopilot" https://t.co/h9UbvwnE9G #tech #feedly
Sat Dec 09 04:37:34 +0000 2017,@USA_Ephraim13 @BossHoggHazzard &amp; w/ Tesla the *valuation* is my question even if they were a success. It's beyond‚Ä¶ https://t.co/SRyqrSarnr
Sat Dec 09 04:37:15 +0000 2017,@davidtayar5 @jimmerdoo @Aukstuolis12 @omniamea @GerberKawasaki Elon Musk says ev cars dont catch fire un ICE cars‚Ä¶ https://t.co/KerLkRWQT0
Sat Dec 09 04:37:15 +0000 2017,RT @starboynow: Anti-Social behavior is a trait of intelligence in a world full of conformists. - Nikola Tesla #quote.
Sat Dec 09 04:37:14 +0000 2017,#tecnolog√≠a Insurers Are Rewarding Tesla Owners For Using Autopilot https://t.co/pktSYnKZN8 @JotaGe2014
Sat Dec 09 04:36:54 +0000 2017,RT @EmteeSA: I Need a Tesla üò∞
Sat Dec 09 04:36:49 +0000 2017,@elonmusk I found one of your TESLA skids at the Ford cross dock I work at today. https://t.co/4WRdWtlwah
Sat Dec 09 04:36:13 +0000 2017,‚Äî hell yeah my favorite season around here
Sat Dec 09 04:35:51 +0000 2017,@jimmerdoo @davidtayar5 @Aukstuolis12 @omniamea @GerberKawasaki am i all talk. well thats ur narrative.  if ur rat‚Ä¶ https://t.co/zd5znqsl41
Sat Dec 09 04:35:44 +0000 2017,@USA_Ephraim13 @BossHoggHazzard Well you already said it Mercedes &amp; Bmw; but don't forget the Japanese (future Ch‚Ä¶ https://t.co/j6syWdHuRI
Sat Dec 09 04:35:31 +0000 2017,kind of amazing that @DavidDobrik has enough money to buy a mansion and a tesla but only wears his own merch. thats‚Ä¶ https://t.co/AuG6KS72Q0
Sat Dec 09 04:35:21 +0000 2017,Anti-Social behavior is a trait of intelligence in a world full of conformists. - Nikola Tesla #quote.
Sat Dec 09 04:35:11 +0000 2017,@jimmerdoo @davidtayar5 @Aukstuolis12 @omniamea @GerberKawasaki Selling Teslas depends on keeping targeted buyers s‚Ä¶ https://t.co/ArwnqzotGz
Sat Dec 09 04:35:08 +0000 2017,I can‚Äôt wait to drive my dad Tesla
Sat Dec 09 04:34:56 +0000 2017,RT @BraveWords666: Brave History December 8th 2017 - DEF LEPPARD TESLA PANTERA W.A.S.P. MARTY FRIEDMAN FEMME FATALE SLIPKNOT URIAH‚Ä¶
Sat Dec 09 04:34:55 +0000 2017,RT @opensesame1: Musk Says Tesla Is Building Its Own Chip for Autopilot https://t.co/EB3aQ4zY9h via @WIRED
Sat Dec 09 04:34:40 +0000 2017,Musk Says Tesla Is Building Its Own Chip for Autopilot https://t.co/EB3aQ4zY9h via @WIRED
Sat Dec 09 04:34:36 +0000 2017,Budweiser beer could be shipped by Tesla Semi trucks starting in 2019 https://t.co/dTMBnM3luI
Sat Dec 09 04:34:23 +0000 2017,Budweiser beer could be shipped by Tesla Semi trucks starting in 2019 https://t.co/spfH1WdynL via @mashable
Sat Dec 09 04:32:55 +0000 2017,@jimmerdoo @davidtayar5 @Aukstuolis12 @omniamea @GerberKawasaki its ridiculously priced higher.  by the way just b‚Ä¶ https://t.co/FgvCCu2uZs
Sat Dec 09 04:32:53 +0000 2017,I love the Tesla cars‚ù§Ô∏èüôåüèæ
Sat Dec 09 04:32:40 +0000 2017,RT @JPierce_Books: Tesla's father betrayed the crown. Daxton will one day wear it. Together they must defeat a hidden terrorist whose ident‚Ä¶
Sat Dec 09 04:32:33 +0000 2017,Elon Musk confirms Tesla will use its own self-driving AI chips https://t.co/V8bAofdrGt via @mashable
Sat Dec 09 04:32:21 +0000 2017,Tesla Just Announced Six New Projects to Restore Power in Puerto Rico https://t.co/g3nAaLOhzU via @Futurism
Sat Dec 09 04:31:57 +0000 2017,RT @jwangARK: Tesla is the new Apple: hardware differentiated by UX software retail services and silicon. https://t.co/WOmo7c9XpJ
Sat Dec 09 04:30:54 +0000 2017,@elonmusk Dear Mr. Musk  I have an idea for Tesla to import vehicles to the Caribbean I would love the opportunit‚Ä¶ https://t.co/gYfIosxjYs
Sat Dec 09 04:30:53 +0000 2017,RT @SAI: Elon Musk reveals Tesla is making its own AI chips for its self-driving cars https://t.co/1resdoYSc3 https://t.co/jkx0XDvswS
Sat Dec 09 04:30:49 +0000 2017,TESLA Factory Tour - CCIM Northern California https://t.co/KkPFxshqqs
Sat Dec 09 04:30:43 +0000 2017,RT @WSJRealEstate: Calling all figure skaters and hockey players: These three homes for sale have their own ice rinks https://t.co/CxyGnFYA‚Ä¶
Sat Dec 09 04:30:34 +0000 2017,@BossHoggHazzard @USA_Ephraim13 To think Tesla will dominate the electric car scene is ludacris. But again Musk cl‚Ä¶ https://t.co/GehnjOAXYq
Sat Dec 09 04:30:26 +0000 2017,As someone who loved LA autoshow &amp; Tesla at first sight this read made my heart flutter w/ pride. #laautoshow‚Ä¶ https://t.co/7znfzUCizC
Sat Dec 09 04:30:11 +0000 2017,RT @MKBHD: @icepicknz I gotchu! https://t.co/lafFC58Eqg
Sat Dec 09 04:29:43 +0000 2017,I don‚Äôt want a lot for Christmas there is just one thing I need. (And Iahhh) don‚Äôt care about the presents undernea‚Ä¶ https://t.co/Z0izSdjMaf
Sat Dec 09 04:29:42 +0000 2017,@davidtayar5 @Aukstuolis12 @omniamea @GerberKawasaki Sure other companies get subsides. Atleast am happy that u ad‚Ä¶ https://t.co/Z3zuhQsDZk
Sat Dec 09 04:29:28 +0000 2017,RT @Carscoop: Can Mercedes-#AMG E63S Outrace A #Tesla Model S P100D? https://t.co/yMnyVXHp3O https://t.co/WHOoA9Xsib
Sat Dec 09 04:29:22 +0000 2017,Today's scientists have substituted mathematics for experiments and they wander off through equation after equatio‚Ä¶ https://t.co/3U3Vtg2tJ0
Sat Dec 09 04:29:16 +0000 2017,Aye fuck this Tesla stock about to convert it to more Bitcoin.
Sat Dec 09 04:29:06 +0000 2017,@ScienceStudioYT It's because these people aren't really car people so of course they fanboy to Tesla as people wh‚Ä¶ https://t.co/xCm2qpI4Tr
Sat Dec 09 04:28:47 +0000 2017,@jimmerdoo @davidtayar5 @Aukstuolis12 @omniamea @GerberKawasaki Always. Snapchat went public this year. but when it‚Ä¶ https://t.co/z2eMyeJylB
Sat Dec 09 04:28:32 +0000 2017,#Tesla activates world's biggest battery https://t.co/m2WTajB2Fq -#cool or #interesting #watchingnow
Sat Dec 09 04:28:29 +0000 2017,RT @CathyWelsh2: @nemesis_online @CharliePoet @RocketSuki @FlatEarthCity @JeffreyChrist54 @Its_Stationary https://t.co/TFIgHUSU5E Tesla was‚Ä¶
Sat Dec 09 04:28:19 +0000 2017,Panasonic is ‚Äògetting ready‚Äô to start producing cells for solar roof at #Tesla Gigafactory 2 | Electrek https://t.co/hL8x8NH1qY
Sat Dec 09 04:28:17 +0000 2017,i love this man! Future Tesla vehicles will run their self-driving AI software on a chip designed by the automaker‚Ä¶ https://t.co/7o94t0IHkl
Sat Dec 09 04:28:12 +0000 2017,RT @jemweb: @Tesla reviewing the #ModelS.  https://t.co/0kkUCVynHi. https://t.co/Vl9RVQPerA
Sat Dec 09 04:28:07 +0000 2017,GreenCar_Newz: Chris Harris Nails #Tesla Model S P100D vs. Porsche 911 R Drag Race https://t.co/a5PBzmhn15
Sat Dec 09 04:27:25 +0000 2017,Elon Musk Says Tesla Is Developing Artificial Intelligence: ‚ÄòWill Be the Best in the World‚Äô - When it... | What is your favorite animal?
Sat Dec 09 04:27:03 +0000 2017,@elonmusk I identify as being extremely wealthy. I require a Tesla Roadster to better achieve who I really am on the inside.
Sat Dec 09 04:26:47 +0000 2017,RT @homeAIinfo: Elon Musk Says Tesla Is Developing Artificial Intelligence: ‚ÄòWill Be the Best in the World‚Äô - When it comes to https://t.co‚Ä¶
Sat Dec 09 04:26:43 +0000 2017,Mitsubishi Motors plant in Normal IL closing... Could there be interest from Tesla? | Tesla https://t.co/psTVbnUMaB
Sat Dec 09 04:26:16 +0000 2017,Tesla says Reno journalist drove into security guards on Gigafactory grounds | Ars Technica https://t.co/nx11lrYtSQ
Sat Dec 09 04:26:14 +0000 2017,@cindibau He‚Äôs a Tesla
Sat Dec 09 04:26:13 +0000 2017,Also stopped I think
Sat Dec 09 04:26:09 +0000 2017,Elon Musk Says Tesla Is Building Its Own Chip for Autopilot https://t.co/IZsc5nhsfq @wired #business https://t.co/AmFkbxLahC
Sat Dec 09 04:25:51 +0000 2017,Tesla - Love Song https://t.co/JIDj6olamO via @YouTube Flashback! One of my favorite songs!‚ù§Ô∏è
Sat Dec 09 04:25:51 +0000 2017,@Smerity @Tesla @shivon @karpathy @elonmusk @jekbradbury @RichardSocher Think Socher is right given that this is t‚Ä¶ https://t.co/qq4MNTz34a
Sat Dec 09 04:25:42 +0000 2017,@elonmusk if @Tesla Says First Fully #selfDrivingCar Will Be Available In Two Years‚Äì Is That Tesla‚Äôs New Product? https://t.co/OmNPsDUdC4
Sat Dec 09 04:25:26 +0000 2017,The Tesla Coil! @ Griffith Observatory https://t.co/kOtfYwXBzZ
Sat Dec 09 04:25:22 +0000 2017,@BossHoggHazzard none but again i don't pretend to be a rocket scientist either which is the entire ploy of‚Ä¶ https://t.co/FqN0FkhBID
Sat Dec 09 04:24:41 +0000 2017,Let it be know @gleesh was the first rapper to flex a Tesla
Sat Dec 09 04:24:40 +0000 2017,In 1943 as the technical aide in Division 14 of the NDRC Trump reviewed and analyzed the papers of Dr. Nikola Tes‚Ä¶ https://t.co/eqN287HNyG
Sat Dec 09 04:24:33 +0000 2017,RT @WSJ: As the Russia investigation grinds on President Trump‚Äôs allies are urging a harder line on Mueller's team https://t.co/SS6io4uMeB
Sat Dec 09 04:24:30 +0000 2017,@elonmusk Sshhwwwiiissshhh and there goes the tesla 4 seconds later bbbbrrrrrrrsshhhhhh here comes the... Tesla is bad ass!
Sat Dec 09 04:24:18 +0000 2017,@55true4u If you're in bed with the [C]lowns [I]n [America} your stock price goes up! Tesla-&gt;-&gt; SpaceX Amazon 600 m‚Ä¶ https://t.co/Jq6TCLJOE2
Sat Dec 09 04:24:04 +0000 2017,Get @ElonMusk's Book: Tesla SpaceX and the Quest for a Fantastic Future for FREE  Get it with free trial --&gt;‚Ä¶ https://t.co/FCyK2clHh2
Sat Dec 09 04:23:15 +0000 2017,@Tesla reviewing the #ModelS.  https://t.co/0kkUCVynHi. https://t.co/Vl9RVQPerA
Sat Dec 09 04:23:10 +0000 2017,@Smerity @Tesla @shivon @karpathy @elonmusk @jekbradbury Did anyone ask: how exactly are we going to build a neural‚Ä¶ https://t.co/9MZKLixJka
Sat Dec 09 04:23:04 +0000 2017,RT @Rjrasva: @jn_mec It is an idea straight from a 50s' Popular Mechanics back-issue  https://t.co/cMEx8WYXKv https://t.co/jHNvOIRIqV
Sat Dec 09 04:22:48 +0000 2017,@PD_Official @Cosmicstrenght3 @Tesla @AutomobiliArdnt It's so weird to see the wheel on the right side
Sat Dec 09 04:22:45 +0000 2017,1st Tesla in India ‚Äì The Model X  https://t.co/sWDWAPlUmU  Shared from my Google feed
Sat Dec 09 04:22:45 +0000 2017,RT @MGagi7: @_NEweather Tesla....enough said.
Sat Dec 09 04:22:08 +0000 2017,RT @businessinsider: Tesla is beginning to prove that the future of trucking may actually be electric https://t.co/4RtvpCLPhu https://t.co/‚Ä¶
Sat Dec 09 04:22:06 +0000 2017,RT @StTabitha: If I ran Canada I'd ask Elon Musk to be Canadian citizen. I'd give him all the lolly and resources available to revamp how‚Ä¶
Sat Dec 09 04:22:01 +0000 2017,Tesla Factory | 2017 / 2018 Cars Reviews - Part 2 https://t.co/s1jNOwXSFb
Sat Dec 09 04:21:43 +0000 2017,New Tesla factory to be in NV - Reno-Sparks area - Nevada - Page 4 - City-Data Forum https://t.co/l0Qv5ccOsN
Sat Dec 09 04:21:03 +0000 2017,#Tesla Installs Six More Battery Systems in Puerto Rico in 'Humanitarian Effort' https://t.co/OEjp8MDEnL?amp=1
Sat Dec 09 04:20:44 +0000 2017,Tesla Jobs: TSLA Hiring Workers for New California Factory | InvestorPlace https://t.co/KZq0rJSjPu
Sat Dec 09 04:20:40 +0000 2017,Elon Musk Says Tesla Is Developing Artificial Intelligence: ‚ÄòWill Be the Best in the World‚Äô - When it comes to https://t.co/qf7uqX6SbS #ai
Sat Dec 09 04:20:03 +0000 2017,@Sim5225 @Aukstuolis12 @omniamea @GerberKawasaki Divert? U said tesla gets some sort of subsidies without which it‚Ä¶ https://t.co/5U6f7KPl0q
Sat Dec 09 04:19:37 +0000 2017,RT @Space__Newz: #ElonMusk Says #Tesla Is Developing Artificial Intelligence: 'Will Be the Best in the World' https://t.co/4ZnFQRB4gm https‚Ä¶
Sat Dec 09 04:19:25 +0000 2017,In case you‚Äôre thinking autonomous vehicles won‚Äôt catch on‚ÄîBritain‚Äôs largest motor insurer is offering Tesla driver‚Ä¶ https://t.co/TPpGPA0KMu
Sat Dec 09 04:19:25 +0000 2017,Tesla is the place to be
Sat Dec 09 04:19:24 +0000 2017,So this is crackling and popping and zap zap zap loud like tesla coils noises and this shit is lighting up green. I‚Ä¶ https://t.co/g4RWPPhJZg
Sat Dec 09 04:19:15 +0000 2017,@TrashMcOiltrash @PaulCamire @MikeD_Twenty7 @ChevroletCanada @elonmusk @Tesla I‚Äôm doing just fine. It‚Äôs not all abo‚Ä¶ https://t.co/NTLRFTzVqR
Sat Dec 09 04:18:55 +0000 2017,This extraordinary Elon Musk email shows how great leaders genuinely connect @jeff_haden @DanielCoyle https://t.co/b2CHwSxISz via @Inc
Sat Dec 09 04:18:51 +0000 2017,RT @ElementSolution: #ElonMusk says Tesla is making A.I. hardware that could be 'the best in the world' https://t.co/sDzZ6ybXou #AI #Artifi‚Ä¶
Sat Dec 09 04:18:42 +0000 2017,Elon Musk talks up Tesla's upcoming artificial intelligence hardware https://t.co/Ip6ZZTNA6H
Sat Dec 09 04:18:01 +0000 2017,@davidtayar5 @Aukstuolis12 @omniamea @GerberKawasaki i never stated to buy gm over tesla. i was just using that as‚Ä¶ https://t.co/qqDsavbEEG
Sat Dec 09 04:17:57 +0000 2017,RT @Hexcal_Inc: Artificial intelligence thriving up in a fast pace than ever before should it be left unchecked or regulated?what's your t‚Ä¶
Sat Dec 09 04:17:45 +0000 2017,RT @tech_sational: Insurers are giving Tesla owners discounts for turning on Autopilot https://t.co/7rbbdKcM6z
Sat Dec 09 04:17:36 +0000 2017,RT @Singularitybook: Insurers are giving Tesla owners discounts for turning on Autopilot via /r/Futurology https://t.co/rpIjYFRInQ https://‚Ä¶
Sat Dec 09 04:17:32 +0000 2017,@Tesla @elonmusk I would pay an obnoxious amount of money for an #iPhoneX wallet case like you made for the 6‚Ä¶ BUT‚Ä¶ https://t.co/Zj2ZABnj0y
Sat Dec 09 04:17:31 +0000 2017,Also walked into the Tesla store in aventura if I was rich I‚Äôd buy one of those
Sat Dec 09 04:17:23 +0000 2017,@davidtayar5 @Aukstuolis12 @omniamea @GerberKawasaki haha. thats the reason why elon musk have turned down to be in‚Ä¶ https://t.co/MVByyIibWh
Sat Dec 09 04:17:19 +0000 2017,The world's largest lithium Ion battery in South Australia. @Tesla @elonmusk @southaustralia  #GreenTech‚Ä¶ https://t.co/GVOOuqeLps
Sat Dec 09 04:17:18 +0000 2017,RT @Nadeshot: Tesla Roadster 2.0 in 2020. 100% instant purchase. 0-60 in 1.9 seconds. Please hurry.
Sat Dec 09 04:17:02 +0000 2017,@elonmusk I have a better design for your Tesla vehicles to replace the steering wheel and pedals.
Sat Dec 09 04:16:56 +0000 2017,RT @ytsheng: Talked briefly with Elon tonight on the current state of affairs with the education system and asked if he was really solving‚Ä¶
Sat Dec 09 04:16:54 +0000 2017,RT @MKBHD: Roadster 2 0-60 in 1.9s 0-100 in 4.2s 250+mph 620-mile range 0 regrets You got me @Tesla @elonmusk https://t.co/MrxdbK3zLa
Sat Dec 09 04:16:50 +0000 2017,RT @MKBHD: NEW VIDEO - Let's Talk About Tesla Roadster 2020! https://t.co/uH1TDuSAlV - RT! https://t.co/5Q2i9hOJcF
Sat Dec 09 04:16:40 +0000 2017,RT @MKBHD: Oh hey look some production car 1/4 mile times  Nissan GTR: 10.8s Lamborghini Aventador SV: 10.4s McLaren P1: 9.8s Porsche 918‚Ä¶
Sat Dec 09 04:16:39 +0000 2017,@Sim5225 @Aukstuolis12 @omniamea @GerberKawasaki See? That‚Äôs why they say ur so ignorant. U don‚Äôt even have the fac‚Ä¶ https://t.co/V3DyQNUpmB
Sat Dec 09 04:15:50 +0000 2017,RT @MKBHD: Holy smokes busy month. Tesla event tons of reviews big stories etc. Time to get your questions in for #AskMKBHD!
Sat Dec 09 04:15:42 +0000 2017,@HardwareUnboxed Have to specify PC GPU because it's a cut down Tesla card...... I assume anyway.
Sat Dec 09 04:15:42 +0000 2017,RT @TamaraMcCleary: #Tesla Is Building Its Own Custom #AI Chips https://t.co/sh0NoEfpZA? #autonomousvehicles https://t.co/YqSO5eXq1K
Sat Dec 09 04:15:33 +0000 2017,https://t.co/Rj4Vkse8pK &gt;&gt;&gt; TRUMP = Same opponent just a different Jersey.....DEW= Tesla's stolen research!!!!
Sat Dec 09 04:15:30 +0000 2017,RT @CNN: Tesla unveiled its new semi-truck and an all-new version of its Roadster sports car https://t.co/nMLM1uMrTq https://t.co/9lB9cgeItW
Sat Dec 09 04:15:24 +0000 2017,RT @MKBHD: NEW VIDEO - Tesla Roadster Flaw? iPhone XI? Ask MKBHD V22! https://t.co/KiRxjck45L - RT! https://t.co/vevWNTX7Nw
Sat Dec 09 04:15:19 +0000 2017,RT @MKBHD: Oh hell yes someone made a Tesla Roadster color picker. Confirmed it looks hot in every color: https://t.co/UFpB9YxW2v https:/‚Ä¶
Sat Dec 09 04:15:04 +0000 2017,Tesla: examining its future. https://t.co/gDAw4xSb6Y #Tesla #Finance https://t.co/U21OJ5HRuV
Sat Dec 09 04:14:53 +0000 2017,RT @Fleet_Europe: The winner of this year's Fleet Europe industry Award is Tesla Inc. Congrats! #FleetEuropeSummit #FleetEuropeAwards
Sat Dec 09 04:14:16 +0000 2017,RT @ElectrekCo: Tesla Semi will deliver beer ‚Äì Budweiser orders 40 electric trucks https://t.co/SyboseEFOc https://t.co/8MLQF7PU2A
Sat Dec 09 04:14:05 +0000 2017,RT @TransOzTesla: The reason for this trip - Hornsdale wind farm.  We'll get a closer look at the #tesla #bigbattery in a few hours. https:‚Ä¶
Sat Dec 09 04:14:01 +0000 2017,@davidtayar5 @Aukstuolis12 @omniamea @GerberKawasaki dont try to divert the topic by bringing in banks and etc. rel‚Ä¶ https://t.co/dNH0PWafSs
Sat Dec 09 04:13:50 +0000 2017,RT @dcfrontier: Elon Musk says Tesla is making A.I. hardware that could be 'the best in the world.' https://t.co/JTf8f2s5re #ai #ml #autono‚Ä¶
Sat Dec 09 04:13:33 +0000 2017,I liked a @YouTube video https://t.co/Z7ZoShnUxc The Tesla Model S P100D - Chris Harris Drives - Top Gear
Sat Dec 09 04:13:11 +0000 2017,Homes for Sale in Silver Springs near Tesla Gigafactory https://t.co/RyW2VEXX46
Sat Dec 09 04:12:28 +0000 2017,@hvgoenka Has it seriously taken 9 years for a Tesla to be bought in India?
Sat Dec 09 04:11:23 +0000 2017,RT @SnowinRI: 6 Great #SocialMedia Campaigns to Inspire your 2018 #Marketing #Strategy  https://t.co/jlAPlItceN via @socialmedia2day feat.‚Ä¶
Sat Dec 09 04:10:59 +0000 2017,@davidtayar5 @Aukstuolis12 @omniamea @GerberKawasaki People like warren buffet and billion saudi investor bin talal‚Ä¶ https://t.co/JOwoQZElBL
Sat Dec 09 04:09:50 +0000 2017,Inside the Gigafactory That Will Decide Tesla's Fate https://t.co/LdlCwjz9DZ
Sat Dec 09 04:09:44 +0000 2017,RT @ElonMuskNewsOrg: Tesla vehicles are now being privately imported in India as official launch is being delayed https://t.co/2v1EnhdiK4
Sat Dec 09 04:09:36 +0000 2017,@elonmusk I have one question You are investing a lot to make #Tesla cars fully automatic which for all general pe‚Ä¶ https://t.co/BhTMkapzcz
Sat Dec 09 04:09:36 +0000 2017,RT @UrbThrasher: Music for tonight's live #UTFH comes from Tesla Fuzz Evil Switchblade Jesus Oracle ACDC Interstelar LA Guns Mangoo‚Ä¶
Sat Dec 09 04:09:35 +0000 2017,Jaguar I-Pace takes aim at Tesla Model X as release date is REVEALED during its final test https://t.co/tEr8htgAk5
Sat Dec 09 04:09:30 +0000 2017,@deplorable_guy2 @engadget You could literally Google it. https://t.co/Jri4XxoE2H
Sat Dec 09 04:09:20 +0000 2017,RT @Gaelle_MG: @Tesla @elonmusk never fails to impress. Mind blowing machines. How can people NOT be excited about a clean future?!
Sat Dec 09 04:09:19 +0000 2017,RT @SNS5500: Tesla's Semi-Truck Would Require Energy Of 4000 Homes To Recharge | Zero Hedge #nuclear #uranium https://t.co/46ztmRmkbY
Sat Dec 09 04:09:19 +0000 2017,RT @charlesmilander: Tesla scores Semi truck orders from DHL Titanium and others     ‚Äì Roadshow https://t.co/HVCDbzNZNe from 0-100k follow‚Ä¶
Sat Dec 09 04:09:17 +0000 2017,Elon Musk Says Tesla's Artificial Intelligence Will Be 'the Best in the World' @Tesla  https://t.co/QrBaMrCQ3m @elonmusk
Sat Dec 09 04:09:14 +0000 2017,@ElonMuskNews @elonmusk This üëáis what #America does Tesla Rocks #WakeUp @realDonaldTrump you don‚Äôt https://t.co/ScVJ2A0RmI
Sat Dec 09 04:08:58 +0000 2017,@ScienceStudioYT When all the roadster fanboys realise Tesla probably didn't include the 1ft rollout time in the 0-60 test üòÜ
Sat Dec 09 04:08:56 +0000 2017,@davidtayar5 @Aukstuolis12 @omniamea @GerberKawasaki Tesla output is only 1% of GM and tesla's market cap is higher‚Ä¶ https://t.co/b65HoJKm6I
Sat Dec 09 04:08:46 +0000 2017,@johnrobb Living on the Columbia River forest fires visible from my porch occasionally made me think of putting a‚Ä¶ https://t.co/ot50LZfQzU
Sat Dec 09 04:08:39 +0000 2017,@ClimateReality Thank you @elonmusk for showing the world the way forward! #SustainableEnergy IS the way to the CLE‚Ä¶ https://t.co/kQPfkS6IqS
Sat Dec 09 04:07:57 +0000 2017,6 Great #SocialMedia Campaigns to Inspire your 2018 #Marketing #Strategy  https://t.co/jlAPlItceN via‚Ä¶ https://t.co/HdV2ooaUKo
Sat Dec 09 04:07:43 +0000 2017,üöó Hunted! Mercedes rented a Tesla Model X to dismantle it. For seven weeks through the company Sixt Alquiler de coc‚Ä¶ https://t.co/fBO3RZduW9
Sat Dec 09 04:07:23 +0000 2017,Elon Musk Says Tesla Is Developing Artificial Intelligence: 'Will Be the Best in the World' https://t... | What is your favorite animal?
Sat Dec 09 04:07:14 +0000 2017,love Tesla! Mechanical Resonance" released back on Dec. 8th 1986 awesome debut! #Doubleshot New Kadavar Fuzz Evi‚Ä¶ https://t.co/CAYBHH4F6W
Sat Dec 09 04:07:09 +0000 2017,@davidtayar5 @Aukstuolis12 @omniamea @GerberKawasaki Oh really? Speaking of the stock use your brain if u have any‚Ä¶ https://t.co/hUMUkdMcab
Sat Dec 09 04:07:08 +0000 2017,I love Tesla! Mechanical Resonance" released back on Dec. 8th 1986 awesome debut! #Doubleshot New Kadavar Fuzz E‚Ä¶ https://t.co/ZcRgPAy82A
Sat Dec 09 04:07:04 +0000 2017,Tesla Owner Resorts To Tweeting At Elon When His Door Handles Break For The Third Time - Jalopnik https://t.co/Q2Tqz3Olr4
Sat Dec 09 04:07:02 +0000 2017,RT @MKBHD: #TBT to one of the sickest photos I've probably ever taken. White Tesla Model III at night. https://t.co/nobr0hTlfG
Sat Dec 09 04:06:39 +0000 2017,Seems I am training the self driving cars AGAIN. Who do I invoice? #google #Tesla #uber #apple https://t.co/4C80gQ8M0x
Sat Dec 09 04:06:19 +0000 2017,This extraordinary Elon Musk email shows how great leaders genuinely connect jeff_haden https://t.co/Q1mrsO15aP
Sat Dec 09 04:06:13 +0000 2017,but that's vince in a certain regard :3
Sat Dec 09 04:06:11 +0000 2017,Inc: This extraordinary Elon Musk email shows how great leaders genuinely connect jeff_haden https://t.co/HAXFHtJEbm
Sat Dec 09 04:06:04 +0000 2017,Tesla just received its largest preorder of Semi trucks yet https://t.co/umuB8cAlTH https://t.co/GeQaDNbtiD
Sat Dec 09 04:06:00 +0000 2017,Puerto Rico needs an affordable sustainable and reliable source of power. The sun and energy storage got them cov‚Ä¶ https://t.co/Q00vhjT9C0
Sat Dec 09 04:05:48 +0000 2017,Download Science Ch. Impossible Engineering Series 4 2017 08of10 Inside the Tesla Factory 720p HDTV x264 AAC MVG... https://t.co/hi1NHe9zsR
Sat Dec 09 04:05:05 +0000 2017,Can Mercedes-#AMG E63S Outrace A #Tesla Model S P100D? https://t.co/yMnyVXHp3O https://t.co/WHOoA9Xsib
Sat Dec 09 04:05:01 +0000 2017,@Tesla Model 3 spotted at Costco in Reno NV.  I want it. https://t.co/tjIFnQ7OT5
Sat Dec 09 04:04:37 +0000 2017,I see some similarity in the appearance of Nikola Tesla &amp; M K Gandhi in their younger suit-clad days? Agree?
Sat Dec 09 04:04:21 +0000 2017,@Sim5225 @Aukstuolis12 @omniamea @GerberKawasaki Just be extra careful shorting the stock ok? It‚Äôs fine to pounce‚Ä¶ https://t.co/qlSwUNrQwW
Sat Dec 09 04:04:11 +0000 2017,Move over Tesla...Excellent and potentially iconic electric ride. Geely had foresight when it bought the company in‚Ä¶ https://t.co/hpAFzkCc8g
Sat Dec 09 04:02:42 +0000 2017,RT @AI__Newz: #ElonMusk Says #Tesla Is Developing Artificial Intelligence: 'Will Be the Best in the World' https://t.co/SYEKAPuxlP https://‚Ä¶
Sat Dec 09 04:02:38 +0000 2017,RT @Fiosracht: I have changed my mind about the Tesla Truck after doing actual research and calculations. I was wrong this thing is perfec‚Ä¶
Sat Dec 09 04:02:08 +0000 2017,@_NEweather Tesla....enough said.
Sat Dec 09 04:02:07 +0000 2017,2019 Jaguar I-Pace First Look: Look Out Tesla Here Comes Jaguar - Motor Trend https://t.co/Wk32fRIqYX
Sat Dec 09 04:01:56 +0000 2017,The Tesla Model S P100D - Chris Harris Drives - Top Gear https://t.co/wkmHWixeaa via @YouTube
Sat Dec 09 04:01:43 +0000 2017,Just won a raffle to test drive a @Tesla
Sat Dec 09 04:01:09 +0000 2017,Tech Stocks This Week: Prime Video on Apple TV Tesla's AI Chip and More - Motley Fool https://t.co/OuM9pchZzK
Sat Dec 09 04:00:50 +0000 2017,#technology #news Elon Musk Says First Fully Self-Driving Car Will Be Available In Two Years‚Äì Is That Tesla‚Äôs New P‚Ä¶ https://t.co/pSQr9Oww0f
Sat Dec 09 04:00:47 +0000 2017,RT Inc "This extraordinary Elon Musk email shows how great leaders genuinely connect jeff_haden https://t.co/4j0bCW3CkC"
Sat Dec 09 04:00:46 +0000 2017,100% TRUE https://t.co/bWrDz1vbUt
Sat Dec 09 04:00:45 +0000 2017,Elon Musk Says Tesla Is Developing Artificial Intelligence: 'Will Be the Best in the World' https://t.co/KfjWDmOeYm
Sat Dec 09 04:00:09 +0000 2017,Insurers are giving Tesla owners discounts for turning on Autopilot https://t.co/7rbbdKcM6z
Sat Dec 09 04:00:04 +0000 2017,Tesla's secret notebook is used to create a device that will make the wireless transmission of energy a reality.  - https://t.co/4gFn41u7f9
Sat Dec 09 04:00:01 +0000 2017,Would #Tesla merge with #SpaceX? https://t.co/kNMhzFvO8Y
Sat Dec 09 03:59:50 +0000 2017,Tesla Installs World's-Largest Battery in Australia https://t.co/rGemuoq03O https://t.co/cKxo8Z6UkI
Sat Dec 09 03:59:19 +0000 2017,Tesla Semi Orders Boom as Anheuser-Busch and Sysco Order 90 Additional EV Trucks - The Drive https://t.co/CxqRQzdcvm #tesla #foodservice
Sat Dec 09 03:59:09 +0000 2017,@Steampunk_T TESLA take note üëçüèæ
Sat Dec 09 03:59:07 +0000 2017,@lisae61 @LTone @michaelianblack Same barely a blip here then onto tesla budweiser trucks. Oh &amp; it‚Äôs going to snow in Maine ü§∑üèº‚Äç‚ôÄÔ∏è
Sat Dec 09 03:59:01 +0000 2017,Spy Photos Expose 2019 Ram 1500‚Äôs New Tesla-Like Touchscreen https://t.co/YBJaYAd0kb https://t.co/JYVc1Tq16n
Sat Dec 09 03:58:32 +0000 2017,RT @SocialUnderGrnd: Anheuser-Busch Orders 40 Tesla Electric Self-Driving Trucks - For more: https://t.co/rFmW4lk9xL #Tesla #Budweiser http‚Ä¶
Sat Dec 09 03:58:30 +0000 2017,@JaguarUSA So much cooler interior than the Tesla..
Sat Dec 09 03:58:22 +0000 2017,I liked a @YouTube video https://t.co/P1wavEqcLd BUYING THE FASTEST CAR IN VEHICLE SIMULATOR!! *TESLA vs LAMBO* (Roblox)
Sat Dec 09 03:58:19 +0000 2017,@trashytesla You‚Äôve been wanted in 8 states and all this here Texas so Tesla you better git or I‚Äôm gonna have to take you down
Sat Dec 09 03:58:19 +0000 2017,GreenCar_Newz: This Chevron Economist Isn‚Äôt Worried About Electric Cars https://t.co/ARWZvQXk5g https://t.co/NXAbimQrTq
Sat Dec 09 03:58:12 +0000 2017,RT @suhaibkhan: Elon Musk confirms Tesla is building its own chips for Autopilot  says Tesla‚Äôs AI chips will be ‚Äúthe best in the world.‚Äù h‚Ä¶
Sat Dec 09 03:58:11 +0000 2017,@vaughan_mills @CP24 @City_of_Vaughan @mbmayor Great to see @Tesla charging stations on the parking perimeter of @vaughan_mills
Sat Dec 09 03:57:51 +0000 2017,RT @feytaline: Fancy photoshoot preview Sagan Rosalind Josie &amp; Tesla https://t.co/ufuZkKRyqh
Sat Dec 09 03:57:43 +0000 2017,"I just bought a Tesla black on black that shit darker than Precious"
Sat Dec 09 03:57:41 +0000 2017,RT @DCSUYD: Insurance Companies Are Now Offering Discounts if You Let Your Tesla Drive Itself https://t.co/neOCvQN2rM
Sat Dec 09 03:57:15 +0000 2017,Elon Musk Says First Fully Self-Driving Car Will Be Available In Two Years‚Äì Is That Tesla‚Äôs New Product? https://t.co/o9O6lNtIik #tech
Sat Dec 09 03:56:54 +0000 2017,@Sk1er_ no don't  assuming the titan v is like the tesla not good for gaming
Sat Dec 09 03:56:40 +0000 2017,RT @David_Kudla: Tesla's Stock Chart Shows a Death Cross Fast-Approaching https://t.co/V6rxiV6Xwv via @TheStreet
Sat Dec 09 03:56:13 +0000 2017,wow has today in my psychology class
Sat Dec 09 03:56:00 +0000 2017,Elon Musk's brilliant email rule at Tesla via @nzherald https://t.co/BvRe0pfeXW
Sat Dec 09 03:55:39 +0000 2017,Tesla Owner Resorts To Tweeting At Elon When His Door Handles Break For The Third Time https://t.co/rK43HbHRyH #news #tesla
Sat Dec 09 03:55:19 +0000 2017,@MrMuselk I misread the Tesla Roadster as "Toaster"
Sat Dec 09 03:55:16 +0000 2017,Tesla Mitchell: Sharing the magic ‚Äî and cookies ‚Äî of the Holiday Train https://t.co/0NBuDVvyHV
Sat Dec 09 03:55:07 +0000 2017,Sir that's the reason why i was grinning the other day for not including Tesla among the greatest companies on the‚Ä¶ https://t.co/VAJzcvyCTz
Sat Dec 09 03:55:07 +0000 2017,This extraordinary Elon Musk email shows how great leaders genuinely connect jeff_haden https://t.co/GYNxdI85Ql &lt; https://t.co/MMaczU7VxV &gt;
Sat Dec 09 03:55:05 +0000 2017,Tesla Motors To Officially Open Tesla Factory - Home Of The Model S - TheStreet https://t.co/nva383Jvwg
Sat Dec 09 03:54:55 +0000 2017,I wish I had video of myself giggling like a little kid while test driving a @Tesla #ModelX. A selfie will have to‚Ä¶ https://t.co/l0ocL7r3FO
Sat Dec 09 03:54:10 +0000 2017,@markbspiegel institutional investors are buying bitcoin they are shorting Tesla
Sat Dec 09 03:54:09 +0000 2017,@hvgoenka Hope it doesn‚Äôt run out of charge in our awesome traffic jams. JVLR should be the testing track for Tesla üòÜ
Sat Dec 09 03:53:44 +0000 2017,This extraordinary Elon Musk email shows how great leaders genuinely connect @jeff_haden https://t.co/vxPIJAhDSU
Sat Dec 09 03:53:30 +0000 2017,Tesla activates world‚Äôs biggest battery https://t.co/vD3ysgcjXx
Sat Dec 09 03:53:06 +0000 2017,@francispouliot_ The race isn't over however comparing BTC with ETH is like comparing TOYOTA with TESLA. New and‚Ä¶ https://t.co/izDJXbXiGl
Sat Dec 09 03:53:05 +0000 2017,Can Tesla avoid becoming the BlackBerry of electric cars? https://t.co/KAlew3MllU
Sat Dec 09 03:52:56 +0000 2017,RT @CAWDesmond: @_RebelByNaturex I did! You made Tesla look so badass &amp; pretty this year. Proud of you little sister!
Sat Dec 09 03:52:43 +0000 2017,I can‚Äôt hear y‚Äôall over my tesla that‚Äôs charging
Sat Dec 09 03:52:42 +0000 2017,@_RebelByNaturex I did! You made Tesla look so badass &amp; pretty this year. Proud of you little sister!
Sat Dec 09 03:52:37 +0000 2017,Maybe Fund #Infrastructure Dev Instead? @realDonaldTrump @SenFeinstein @NancyPelosi @SenSchumer #Jesus #resist‚Ä¶ https://t.co/6chl9FGCYy
Sat Dec 09 03:52:11 +0000 2017,RT @EveryApplePro: Tesla Roadster Unveiled Insane Specs &amp; Crazier Price. I NEED IT. https://t.co/uLOAR9Uik1 https://t.co/j4Q60ciPuG
Sat Dec 09 03:51:54 +0000 2017,Tesla Is Building Its Own Custom AI Chips https://t.co/gJW6JJfayq
Sat Dec 09 03:51:37 +0000 2017,RT @EveryApplePro: I Choose You Tesla Reserved a Roadster! My iPhone X Giveaway &amp; Latest Apple News. https://t.co/wsaTjB8TYe https://t.co/‚Ä¶
Sat Dec 09 03:50:12 +0000 2017,Fancy photoshoot preview Sagan Rosalind Josie &amp; Tesla https://t.co/ufuZkKRyqh
Sat Dec 09 03:49:33 +0000 2017,@jess You‚Äôre spot on. They‚Äôre putting their toe in the water: https://t.co/usn5NPF6XL  "It takes into account not o‚Ä¶ https://t.co/FiBSTgNuRI
Sat Dec 09 03:49:26 +0000 2017,RT @SueroRock: Chile Louder Deep Purple!!! #SolidRock #Rock #deeppurple #cheaptrick #tesla https://t.co/j23xpBAinx
Sat Dec 09 03:49:17 +0000 2017,#TechReport: #Budweiser  üç∫ Is Ditching Gas-Powered Trucks For #Tesla‚Äôs Electric Semis. https://t.co/RuEX6ZMrU8
Sat Dec 09 03:49:07 +0000 2017,RT @MaryLandersSMN: Oooh look. Our little old municipal vehicle charger in #Savannah is powering up a Tesla Model X from Florida! Local Nis‚Ä¶
Sat Dec 09 03:49:02 +0000 2017,I liked a @YouTube video https://t.co/9Ilnlx0Pty I Rented a 2013 Tesla Model S-- and It Broke!!!
Sat Dec 09 03:48:55 +0000 2017,RT @DriveMagCom: 5 reasons why Elon Musk's Tesla is fighting for its life https://t.co/ikGw1Kajvs
Sat Dec 09 03:48:38 +0000 2017,@OskaArcher "Chevron Corp.‚Äôs Senior Economist Adam Karson may have put down a deposit on a Tesla 3 but he doesn‚Äôt s‚Ä¶ https://t.co/zRw0npEWHM
Sat Dec 09 03:48:30 +0000 2017,Official: Tesla Factory Had Previous Violation - Pg.2 - TheStreet https://t.co/MK9955acPx
Sat Dec 09 03:48:06 +0000 2017,RT @ElectrekCo: Elon Musk confirms that Tesla is working on its own new AI chip led by Jim Keller https://t.co/T96bsmMXtR https://t.co/LHeG‚Ä¶
